slot	beta	T	observable	pt_mean	pt_se	indep_mean	indep_se	diff	combined_se	z	flagged
0	4.0	0.25	E/N	-0.5781913894091175	0.00044004726124717173	-0.5779479613000307	0.00034620985117892416	-0.00024342810908684065	0.0005599132550533783	-0.4347603970612089	False
0	4.0	0.25	D	0.10658347531176085	7.225785365617599e-05	0.1065061058372403	4.313648113469136e-05	7.736947452055554e-05	8.415434284504235e-05	0.9193758979619134	False
0	4.0	0.25	M^2	0.11609449100600272	0.0008332045098860365	0.11511259672980975	0.0007624428713684401	0.0009818942761929683	0.0011294020043345868	0.8693930703367876	False
0	4.0	0.25	Szz(Q)	0.5013641799740406	0.0004907733042202018	0.5008599285440918	0.0005930577434385392	0.0005042514299488099	0.0007697895317472347	0.6550510355788836	False
1	5.0	0.2	E/N	-0.5994511792471066	0.00036000012068063375	-0.5992151202816961	0.000248839664035653	-0.00023605896541045723	0.00043763142630237097	-0.5394013117498512	False
1	5.0	0.2	D	0.10871420332838332	7.637792639561207e-05	0.10864753906811221	4.5626054008093347e-05	6.666426027110428e-05	8.896810914503571e-05	0.7493051264293847	False
1	5.0	0.2	M^2	0.05057746785520488	0.0003713749344476356	0.05130067100661194	0.000741230121498405	-0.0007232031514070592	0.0008290605737535261	-0.8723164196951215	False
1	5.0	0.2	Szz(Q)	0.5190518570949333	0.0006331176926150769	0.5191609683577564	0.0007533700130543286	-0.00010911126282309169	0.0009840753981640422	-0.11087693384740344	False
2	6.666666666666667	0.15	E/N	-0.6096127610109079	0.0003141683169830857	-0.6104963053955452	0.0003741574820134732	0.0008835443846373359	0.0004885647886848244	1.8084487566444638	False
2	6.666666666666667	0.15	D	0.11018212379255453	4.506547111681644e-05	0.11020979532768245	4.750493134351481e-05	-2.7671535127921087e-05	6.547988384941342e-05	-0.42259597148275907	False
2	6.666666666666667	0.15	M^2	0.013041321528249985	0.00027039121366978356	0.012642687269740296	0.0005024963396337088	0.0003986342585096895	0.0005706259543475868	0.6985911795152389	False
2	6.666666666666667	0.15	Szz(Q)	0.5276155440514881	0.00032037661819790263	0.5276423910899762	0.0005423026083415985	-2.6847038488098107e-05	0.0006298676817411939	-0.042623298934599534	False
3	10.0	0.1	E/N	-0.6151707322673825	0.0003518553568440826	-0.6157154993252634	0.0003359674139213161	0.0005447670578808683	0.0004864938800816035	1.1197819339258495	False
3	10.0	0.1	D	0.11041198896672216	4.3838929630606757e-05	0.11046039509929978	5.569923768264159e-05	-4.840613257761639e-05	7.088199228001914e-05	-0.6829115692232249	False
3	10.0	0.1	M^2	0.0010216618100777623	8.040869727648864e-05	0.0010581356592001667	0.00024137769219896848	-3.647384912240431e-05	0.0002544184523359144	-0.1433616500199721	False
3	10.0	0.1	Szz(Q)	0.5297786481585836	0.0005203030366462807	0.5295404964021558	0.000502410831072926	0.00023815175642771802	0.0007232785722823047	0.3292669872359559	False
