dtau	beta	beta_index	series	base	seed
0.1	2	0	0	2026100201	2026100201
0.1	2	0	1	2026100201	13713973362085635042
0.1	2	0	2	2026100201	13159935976052814869
0.1	2	0	3	2026100201	13079871674906688835
0.1	2	0	4	2026100201	4332487554405707098
0.1	2	0	5	2026100201	7286996814282213811
0.1	2	0	6	2026100201	14528158694633062176
0.1	2	0	7	2026100201	17843391811870267541
0.1	2	0	8	2026100201	7854480022588641211
0.1	2	0	9	2026100201	8901748464713517592
0.1	2	0	10	2026100201	14466486860776252365
0.1	2	0	11	2026100201	4489371500072100277
0.1	2	0	12	2026100201	3217665064300523056
0.1	2	0	13	2026100201	5439770000001082857
0.1	2	0	14	2026100201	1987200432186598790
0.1	2	0	15	2026100201	13512984650869104236
0.1	4	1	0	2026100201	2026101201
0.1	4	1	1	2026100201	2121818473395011035
0.1	4	1	2	2026100201	17782612752533864320
0.1	4	1	3	2026100201	5494244189750663387
0.1	4	1	4	2026100201	8276442167112321772
0.1	4	1	5	2026100201	12569794763414374096
0.1	4	1	6	2026100201	9189793896132605999
0.1	4	1	7	2026100201	2918768997406667546
0.1	4	1	8	2026100201	11873544555271254728
0.1	4	1	9	2026100201	8807102997225006009
0.1	4	1	10	2026100201	6668951446025896107
0.1	4	1	11	2026100201	3588731529764108798
0.1	4	1	12	2026100201	9014483162850749954
0.1	4	1	13	2026100201	10996851167842421939
0.1	4	1	14	2026100201	3595686785057514661
0.1	4	1	15	2026100201	6298529654180715933
0.05	2	0	0	2026100202	2026100202
0.05	2	0	1	2026100202	14091850342960325884
0.05	2	0	2	2026100202	9306551620083171355
0.05	2	0	3	2026100202	4465684517065033367
0.05	2	0	4	2026100202	28440395299251981
0.05	2	0	5	2026100202	12360188159668623489
0.05	2	0	6	2026100202	16080220806252461791
0.05	2	0	7	2026100202	1799669402694207889
0.05	2	0	8	2026100202	7186156015239593726
0.05	2	0	9	2026100202	4710045938004213942
0.05	2	0	10	2026100202	4326549183342711729
0.05	2	0	11	2026100202	10061395257644235232
0.05	2	0	12	2026100202	16296483880141692077
0.05	2	0	13	2026100202	12189409332234945262
0.05	2	0	14	2026100202	6330017808781742532
0.05	2	0	15	2026100202	15411425769616766041
0.05	4	1	0	2026100202	2026101202
0.05	4	1	1	2026100202	17357907974217303431
0.05	4	1	2	2026100202	16560263755710310403
0.05	4	1	3	2026100202	8801830833470095288
0.05	4	1	4	2026100202	309040681422874243
0.05	4	1	5	2026100202	16617066295591570398
0.05	4	1	6	2026100202	13650965613247169644
0.05	4	1	7	2026100202	2367493263514894659
0.05	4	1	8	2026100202	15812771471828631660
0.05	4	1	9	2026100202	14294609371462860978
0.05	4	1	10	2026100202	15126902807088291555
0.05	4	1	11	2026100202	1850830153817141825
0.05	4	1	12	2026100202	7011334553948127322
0.05	4	1	13	2026100202	9420106952769379324
0.05	4	1	14	2026100202	5977180269367814400
0.05	4	1	15	2026100202	15527449574591242528
0.025	2	0	0	2026100203	2026100203
0.025	2	0	1	2026100203	16493815122910462059
0.025	2	0	2	2026100203	17103543123187198728
0.025	2	0	3	2026100203	1836896402180978344
0.025	2	0	4	2026100203	13516000275740231563
0.025	2	0	5	2026100203	12951264338502846554
0.025	2	0	6	2026100203	8047963076220726286
0.025	2	0	7	2026100203	12372372289427806991
0.025	2	0	8	2026100203	18003919872874153925
0.025	2	0	9	2026100203	10681766235594168852
0.025	2	0	10	2026100203	13796001483303739878
0.025	2	0	11	2026100203	8329374585144917479
0.025	2	0	12	2026100203	12015596720002113168
0.025	2	0	13	2026100203	8856774467506621163
0.025	2	0	14	2026100203	1049716810794143781
0.025	2	0	15	2026100203	7666845606328585156
0.025	4	1	0	2026100203	2026101203
0.025	4	1	1	2026100203	3984289251126955762
0.025	4	1	2	2026100203	4568098522945596264
0.025	4	1	3	2026100203	17927273594791420780
0.025	4	1	4	2026100203	10132659127933559932
0.025	4	1	5	2026100203	12324657432439846442
0.025	4	1	6	2026100203	17109991122221120574
0.025	4	1	7	2026100203	13328604408261836289
0.025	4	1	8	2026100203	6521694756268616681
0.025	4	1	9	2026100203	6429685000473630073
0.025	4	1	10	2026100203	7171501882169257241
0.025	4	1	11	2026100203	13450162465572404973
0.025	4	1	12	2026100203	18076913479232807449
0.025	4	1	13	2026100203	11459141371727385492
0.025	4	1	14	2026100203	15871955517653113598
0.025	4	1	15	2026100203	9896057653950269879
