path	source	source_sha256	export_sha256	bytes	changed
.gitignore	AF_QMC/.gitignore	a5fa7ace4d18fa48163bbca922194f25106532b4f3d18a3c4742b365f5c84af5	28415ec4a2fa5ae7a66ecae8ebf313970d4a05594cadde7bf12b583c131bf7a7	652	true
Makefile	AF_QMC/Makefile	0c3823987166988933e54c6229bf154406ab6ee7446c9a296724ea02d8f60ba5	0c3823987166988933e54c6229bf154406ab6ee7446c9a296724ea02d8f60ba5	4490	false
docs/2026-06-26-dqmc-hackathon-achievements.md	AF_QMC/docs/2026-06-26-dqmc-hackathon-achievements.md	df6b13f006153c999c8bc0d02ec9b97cb7fc74adebc1a88785da11bd3857bfb1	9cd224f2590c5ee9e17250ae0bdc271945976c9f15eb9789b98ce2e2fd96735b	7313	true
docs/2026-07-02-afqmc-code-reference.html	AF_QMC/docs/2026-07-02-afqmc-code-reference.html	402a416d268b1d962f024c9ee36b80273695ff81ab896a07dee690d10dbae431	402a416d268b1d962f024c9ee36b80273695ff81ab896a07dee690d10dbae431	35481	false
docs/2026-07-02-kugui-i2cpu-alternating-sweep-validation.html	AF_QMC/docs/2026-07-02-kugui-i2cpu-alternating-sweep-validation.html	cd0395f4b457af577176c50d6000b36053e380ef9efed64f67a2812a2a8c8563	cd0395f4b457af577176c50d6000b36053e380ef9efed64f67a2812a2a8c8563	6639	false
docs/2026-07-02-kugui-i2cpu-ph-symmetry-validation.html	AF_QMC/docs/2026-07-02-kugui-i2cpu-ph-symmetry-validation.html	2c3e34a34c40a57b9840d2f40984230788855c306ff6b2ed3f532a351b6488c7	a28f3b88e0b6eddf1d9b9995a845f50f6a0da6b84e76f2c16ec07c4d5a8dee59	9897	true
docs/2026-07-02-kugui-i2cpu-post-ph-stab-scan.html	AF_QMC/docs/2026-07-02-kugui-i2cpu-post-ph-stab-scan.html	c9a1f45045f4bff401fd7e807e5d498dd89c53c65493df9c9398c56239c64ae8	c9a1f45045f4bff401fd7e807e5d498dd89c53c65493df9c9398c56239c64ae8	7407	false
docs/2026-07-02-kugui-i2cpu-udv-stack-validation.html	AF_QMC/docs/2026-07-02-kugui-i2cpu-udv-stack-validation.html	80d0707fdab5e30e8ee2a667e139f2a569d348c6f0ca7fda97db63c4f4483336	d2fe705c1f3812a316abe36d0acf0c49dc1e157f11aacbd24f77ab2f793fd7ab	14838	true
docs/2026-07-02-performance-analysis.md	AF_QMC/docs/2026-07-02-performance-analysis.md	50f43ce4ae13090e85152dee72291542b60ba1178960a707fcf8a2c1c70fc988	50f43ce4ae13090e85152dee72291542b60ba1178960a707fcf8a2c1c70fc988	7365	false
docs/2026-07-02-ph-symmetry-spin-correlations-note.md	AF_QMC/docs/2026-07-02-ph-symmetry-spin-correlations-note.md	82c67e91039af90eb23304c4fa25c993e121b7a065b865abfc3fcccd8fc54255	82c67e91039af90eb23304c4fa25c993e121b7a065b865abfc3fcccd8fc54255	5479	false
docs/2026-07-02-post-ph-stabilization-baseline.md	AF_QMC/docs/2026-07-02-post-ph-stabilization-baseline.md	51f55ea25e850c0b49e248593b29fa4bb748c8bfbf43f08f9702f07ff943884d	51f55ea25e850c0b49e248593b29fa4bb748c8bfbf43f08f9702f07ff943884d	4754	false
docs/2026-07-03-acceptance-and-shifted-spin-hst-plan.md	AF_QMC/docs/2026-07-03-acceptance-and-shifted-spin-hst-plan.md	b7f80f0dca4467a29b41de15249637121c8c3b88a1428e563963a2b391da3899	b7f80f0dca4467a29b41de15249637121c8c3b88a1428e563963a2b391da3899	12800	false
docs/2026-07-03-acceptance-rate-review.md	AF_QMC/docs/2026-07-03-acceptance-rate-review.md	2867b1c592c527e7357f2e8971bfe5b77bbb1547a581240e9cc85d78b3178127	2867b1c592c527e7357f2e8971bfe5b77bbb1547a581240e9cc85d78b3178127	6275	false
docs/2026-07-03-fast-vs-old-production-comparison.html	AF_QMC/docs/2026-07-03-fast-vs-old-production-comparison.html	7809a8828ef85c47506fa0fbd9b79f1933d491582570fd4009fe332e1f19ccf8	7809a8828ef85c47506fa0fbd9b79f1933d491582570fd4009fe332e1f19ccf8	2421	false
docs/2026-07-03-nearest-neighbor-v-implementation-plan.html	AF_QMC/docs/2026-07-03-nearest-neighbor-v-implementation-plan.html	72c00e2fce6ab794689ab9df81ba3d77a4007c1eb9d31361b50497e1e93705a9	72c00e2fce6ab794689ab9df81ba3d77a4007c1eb9d31361b50497e1e93705a9	21240	false
docs/2026-07-03-temperature-dependence.html	AF_QMC/docs/2026-07-03-temperature-dependence.html	5109ab880c088edce9f52d7ba305becd7552b67761d6ad872c6d9018f1942483	5109ab880c088edce9f52d7ba305becd7552b67761d6ad872c6d9018f1942483	61654	false
docs/2026-07-03-temperature-summary-with-tables.html	AF_QMC/docs/2026-07-03-temperature-summary-with-tables.html	17ec9b91a67c4573c8784d90016bc46ecbab48b6cf1e9e64113a2f8b744a657c	17ec9b91a67c4573c8784d90016bc46ecbab48b6cf1e9e64113a2f8b744a657c	154851	false
docs/2026-07-04-dqmc-speedup-summary.html	AF_QMC/docs/2026-07-04-dqmc-speedup-summary.html	d11fdeedb9a2bc0fa26273ee3e64238d99696379cafd9ae222f8c08267f2a9ee	d11fdeedb9a2bc0fa26273ee3e64238d99696379cafd9ae222f8c08267f2a9ee	26074	false
docs/2026-07-04-ed-hphi-4x4-validation.html	AF_QMC/docs/2026-07-04-ed-hphi-4x4-validation.html	46afddcc78083eaf23b8dd699b5fc06a6bd94e82a4804fce80726c5ffa27f24d	46afddcc78083eaf23b8dd699b5fc06a6bd94e82a4804fce80726c5ffa27f24d	9981	false
docs/2026-07-06-2d12x12-full-tsweep-gs-extrapolation.html	AF_QMC/docs/2026-07-06-2d12x12-full-tsweep-gs-extrapolation.html	a4fe7f52146936752e8a11c97e35aa443eb30b3c880541598960a3526df3d606	546afbb6b28193bb6e459a4e9ca958ee664bd53c55b94df61519001fc99434f7	12610	true
docs/2026-07-13-bad-parameter-results.html	AF_QMC/docs/2026-07-13-bad-parameter-results.html	b0173d034a287a6d1e9da194f9eb2bf72b16cbd34e72336f79166e36f76adede	b0173d034a287a6d1e9da194f9eb2bf72b16cbd34e72336f79166e36f76adede	22946	false
docs/2026-07-13-l4-u16-low-temperature-nan-report.md	AF_QMC/docs/2026-07-13-l4-u16-low-temperature-nan-report.md	17bb1ff2c3942c7719d594e9c444794c50900c7e8b34e1fb658d88fad1b9c0a3	17bb1ff2c3942c7719d594e9c444794c50900c7e8b34e1fb658d88fad1b9c0a3	15095	false
docs/2026-07-14-green-rebuild-phase1-review.md	AF_QMC/docs/2026-07-14-green-rebuild-phase1-review.md	c394acd98f299799e4a5f4e27e6c7f71af42bdd3f7b31b84cfc3bbcaa2a0e51e	c394acd98f299799e4a5f4e27e6c7f71af42bdd3f7b31b84cfc3bbcaa2a0e51e	7714	false
docs/2026-07-14-green-rebuild-phase4-review.md	AF_QMC/docs/2026-07-14-green-rebuild-phase4-review.md	7d716fd1fd6c7260ad7cd5328b8c7e2848333b5b9e013c420bd97f44827d0f88	7d716fd1fd6c7260ad7cd5328b8c7e2848333b5b9e013c420bd97f44827d0f88	6781	false
docs/2026-07-14-udv-green-rebuild-roadmap.html	AF_QMC/docs/2026-07-14-udv-green-rebuild-roadmap.html	e95d9db22e4dc8af566065ca39789a43cb6d1fd60667dad5a17a2fa3fd2e935d	e95d9db22e4dc8af566065ca39789a43cb6d1fd60667dad5a17a2fa3fd2e935d	21799	false
docs/2026-07-14-udv-log-scale-implementation-plan.md	AF_QMC/docs/2026-07-14-udv-log-scale-implementation-plan.md	eb9e1b5431ad0537aec89f70945341be669e1f259f9522942fb8cf2bfffe35d2	eb9e1b5431ad0537aec89f70945341be669e1f259f9522942fb8cf2bfffe35d2	15062	false
docs/2026-07-14-udv-log-scale-plan-review.md	AF_QMC/docs/2026-07-14-udv-log-scale-plan-review.md	39065d03f3f3a21ff10c0cd2ecea71d8acf91be5b1dc9cfb5ae8ad8d5f520fac	39065d03f3f3a21ff10c0cd2ecea71d8acf91be5b1dc9cfb5ae8ad8d5f520fac	16215	false
docs/2026-07-14-udv-phase5-validation.md	AF_QMC/docs/2026-07-14-udv-phase5-validation.md	dda0df342d26a71575c662f62e63b6ff18e98d7452e8bbb305bd12279e413c7b	dda0df342d26a71575c662f62e63b6ff18e98d7452e8bbb305bd12279e413c7b	4197	false
docs/2026-07-14-udv-phase6-design-review.md	AF_QMC/docs/2026-07-14-udv-phase6-design-review.md	eec445f4d8e889810bf7ae778c1dd53cb15641b38bf07c2d8d2e80722b4f5e8d	eec445f4d8e889810bf7ae778c1dd53cb15641b38bf07c2d8d2e80722b4f5e8d	16441	false
docs/2026-07-14-udv-phase6-review-experiment.py	AF_QMC/docs/2026-07-14-udv-phase6-review-experiment.py	f0e389a177a404721a20af3bad146ff4cb22b39d4d9f34f4e252e42c36b514fc	f0e389a177a404721a20af3bad146ff4cb22b39d4d9f34f4e252e42c36b514fc	6382	false
docs/2026-07-14-udv-phase6-single-factor-countermeasure-design.md	AF_QMC/docs/2026-07-14-udv-phase6-single-factor-countermeasure-design.md	1a8a32a634ff53e8e578c4161d16a93d87de187b2b2e696e30b1074bbf7668ca	1a8a32a634ff53e8e578c4161d16a93d87de187b2b2e696e30b1074bbf7668ca	14961	false
docs/2026-07-14-udv-phase6a-centered-offset-implementation-plan.md	AF_QMC/docs/2026-07-14-udv-phase6a-centered-offset-implementation-plan.md	c919bc927713ae857c3bbe40bbd28af50547f7a4b5121aaeb0ac17ef052660be	c919bc927713ae857c3bbe40bbd28af50547f7a4b5121aaeb0ac17ef052660be	10439	false
docs/2026-07-14-udv-phase6a-centered-offset-investigation.md	AF_QMC/docs/2026-07-14-udv-phase6a-centered-offset-investigation.md	2ff3361a3a4ab15c62e72ad950f3792451be087452eb0dbaaf5bec683cd246c2	2ff3361a3a4ab15c62e72ad950f3792451be087452eb0dbaaf5bec683cd246c2	5427	false
docs/2026-07-14-udv-scale-diagnostics-phase2-1-plan-review.md	AF_QMC/docs/2026-07-14-udv-scale-diagnostics-phase2-1-plan-review.md	77395d8e701811c998262480b75f974e7e7ea86890ced95706e197013d375472	77395d8e701811c998262480b75f974e7e7ea86890ced95706e197013d375472	7407	false
docs/2026-07-14-udv-scale-diagnostics-phase2-1-plan.md	AF_QMC/docs/2026-07-14-udv-scale-diagnostics-phase2-1-plan.md	2f1d33761ef01fe73807aafd74d0ba56c03896d755c1a86a46d3ee44f6b5a796	2f1d33761ef01fe73807aafd74d0ba56c03896d755c1a86a46d3ee44f6b5a796	9354	false
docs/2026-07-14-udv-scale-diagnostics-phase2-1-review.md	AF_QMC/docs/2026-07-14-udv-scale-diagnostics-phase2-1-review.md	42052b046ce312824bc3b1bebc5f1e6ff37c05dc8476da2a404d7781a7cc850f	42052b046ce312824bc3b1bebc5f1e6ff37c05dc8476da2a404d7781a7cc850f	8145	false
docs/2026-07-14-udv-scale-diagnostics-phase2-review.md	AF_QMC/docs/2026-07-14-udv-scale-diagnostics-phase2-review.md	0d51a582415e594ddd50118fcf1ce38e67cfb76d349dbfad5a7e1ebd311782b9	0d51a582415e594ddd50118fcf1ce38e67cfb76d349dbfad5a7e1ebd311782b9	10739	false
docs/2026-07-14-udv-two-sided-phase3-review.md	AF_QMC/docs/2026-07-14-udv-two-sided-phase3-review.md	726e173048c4dbae2a5dafca4c034bf310f1c7773b1716aa94adb013b334d68c	726e173048c4dbae2a5dafca4c034bf310f1c7773b1716aa94adb013b334d68c	6794	false
docs/2026-07-15-dqmc-cancellation-problem-explainer.html	AF_QMC/docs/2026-07-15-dqmc-cancellation-problem-explainer.html	93d8b46bfd4e430de0bad5b589639778d8dd5a2d7d7115b520bbb40a580cecc3	93d8b46bfd4e430de0bad5b589639778d8dd5a2d7d7115b520bbb40a580cecc3	34972	false
docs/2026-07-15-udv-phase6a-a0-a3-standalone-review.md	AF_QMC/docs/2026-07-15-udv-phase6a-a0-a3-standalone-review.md	64f81251955f981171886160848b73bbf072871123af0bea2b68cd37a2836114	64f81251955f981171886160848b73bbf072871123af0bea2b68cd37a2836114	7724	false
docs/2026-07-15-udv-phase6a-a5-validation.md	AF_QMC/docs/2026-07-15-udv-phase6a-a5-validation.md	fa30132329a5bb7e543ea6cf87ed460962f7c700dac89770f793e7e7800afa42	fa30132329a5bb7e543ea6cf87ed460962f7c700dac89770f793e7e7800afa42	6260	false
docs/2026-07-15-udv-phase6a-f2-reference.py	AF_QMC/docs/2026-07-15-udv-phase6a-f2-reference.py	49f825e956f3e7e4459ab6e1381d1059b7d0566c0a54df02ad5828ebe6e111a1	49f825e956f3e7e4459ab6e1381d1059b7d0566c0a54df02ad5828ebe6e111a1	1352	false
docs/2026-07-15-udv-phase6a-f2-two-sided-reference.py	AF_QMC/docs/2026-07-15-udv-phase6a-f2-two-sided-reference.py	2aea0eb5d62be8711cccf9f48aa1f7b8a97cb1c53db5a0c8f7df40c8db95f3e9	2aea0eb5d62be8711cccf9f48aa1f7b8a97cb1c53db5a0c8f7df40c8db95f3e9	2096	false
docs/2026-08-21-szz-structure-factor-usage.md	AF_QMC/docs/2026-08-21-szz-structure-factor-usage.md	e11cc91a3dbee871ef68f1ff90234d5142c4c9ba40e888505fe32dcd1497bc9c	e11cc91a3dbee871ef68f1ff90234d5142c4c9ba40e888505fe32dcd1497bc9c	4580	false
docs/2026-08-21-szz-structure-factor-validation.md	AF_QMC/docs/2026-08-21-szz-structure-factor-validation.md	2c149a968c668c7b5b0d7cfa948e37b9361555e029a5b6a2dee58ebf48dd448c	2c149a968c668c7b5b0d7cfa948e37b9361555e029a5b6a2dee58ebf48dd448c	7043	false
docs/2026-08-22-sperp-structure-factor-usage.md	AF_QMC/docs/2026-08-22-sperp-structure-factor-usage.md	7997087a8cb60c1d1d07c4003125dead1f4c974729c09f2a997942c344629e71	7997087a8cb60c1d1d07c4003125dead1f4c974729c09f2a997942c344629e71	4982	false
docs/2026-08-22-sperp-structure-factor-validation.md	AF_QMC/docs/2026-08-22-sperp-structure-factor-validation.md	e3dd2b8d2f197a3a5c9014797f10c999a6c2310fddf301f788d666e72b8c0056	e3dd2b8d2f197a3a5c9014797f10c999a6c2310fddf301f788d666e72b8c0056	5672	false
docs/figures/2d12x12_full_tsweep_20260706/gs_extrapolation.png	AF_QMC/docs/figures/2d12x12_full_tsweep_20260706/gs_extrapolation.png	852710476d06143752afef9c2f7e7dcd2ff4698f67b51a8a36949c502f77b1e7	852710476d06143752afef9c2f7e7dcd2ff4698f67b51a8a36949c502f77b1e7	51220	false
docs/figures/2d12x12_full_tsweep_20260706/tsweep_energy_doublon.png	AF_QMC/docs/figures/2d12x12_full_tsweep_20260706/tsweep_energy_doublon.png	c12e07d3ad24d4edef7d7c1eae44547af7562bafe53d2cb328a9b8405d8bd746	c12e07d3ad24d4edef7d7c1eae44547af7562bafe53d2cb328a9b8405d8bd746	90147	false
docs/figures/recovered_production_20260713/bad_parameter_clean_vs_bad.png	AF_QMC/docs/figures/recovered_production_20260713/bad_parameter_clean_vs_bad.png	39c8143213cc235a2cd6429f738943b24550a2d0ddb80d5f0fdbcaac27accb5a	39c8143213cc235a2cd6429f738943b24550a2d0ddb80d5f0fdbcaac27accb5a	79913	false
docs/figures/recovered_production_20260713/bad_parameter_map.png	AF_QMC/docs/figures/recovered_production_20260713/bad_parameter_map.png	ad748d6d2772b61bc65463e4841e344634543b1f302262548428ff05bb07767a	ad748d6d2772b61bc65463e4841e344634543b1f302262548428ff05bb07767a	132413	false
docs/figures/recovered_production_20260713/large_l_energy_doublon.png	AF_QMC/docs/figures/recovered_production_20260713/large_l_energy_doublon.png	ab070ea60f5e97e574042d20db03cfabb9c8b5cccb3e3ee7a7e2bad0d68e6277	ab070ea60f5e97e574042d20db03cfabb9c8b5cccb3e3ee7a7e2bad0d68e6277	185181	false
docs/figures/recovered_production_20260713/strong_coupling_energy_doublon.png	AF_QMC/docs/figures/recovered_production_20260713/strong_coupling_energy_doublon.png	f3568ab710c2f9062197091d3a9499ec4c26a994e65842617b2e7da828fed1d4	f3568ab710c2f9062197091d3a9499ec4c26a994e65842617b2e7da828fed1d4	214310	false
docs/figures/recovered_production_20260713/strong_coupling_stability_floor.png	AF_QMC/docs/figures/recovered_production_20260713/strong_coupling_stability_floor.png	b80282a825366c64aee3d73f713da8d8f6412a5534681e07af7b709d153f0ab5	b80282a825366c64aee3d73f713da8d8f6412a5534681e07af7b709d153f0ab5	61508	false
docs/figures/temperature_dependence_20260703/fast_vs_old_2d6x6_deltas.png	AF_QMC/docs/figures/temperature_dependence_20260703/fast_vs_old_2d6x6_deltas.png	090e6431b012e4452754a1929d8153782eb63e39c146fa0212ca65568586d90e	090e6431b012e4452754a1929d8153782eb63e39c146fa0212ca65568586d90e	232699	false
docs/figures/temperature_dependence_20260703/fast_vs_old_2d6x6_deltas.svg	AF_QMC/docs/figures/temperature_dependence_20260703/fast_vs_old_2d6x6_deltas.svg	0c60c9e386601a49e277f45d42404dfa480211600685a9845a8f3eabea6f682d	0c60c9e386601a49e277f45d42404dfa480211600685a9845a8f3eabea6f682d	110516	false
docs/figures/temperature_dependence_20260703/fast_vs_old_2d6x6_observables.png	AF_QMC/docs/figures/temperature_dependence_20260703/fast_vs_old_2d6x6_observables.png	5fcaaab632683a80d0de26b20e9d1e551c77e2d287d7d121faeedb839105b58a	5fcaaab632683a80d0de26b20e9d1e551c77e2d287d7d121faeedb839105b58a	259070	false
docs/figures/temperature_dependence_20260703/fast_vs_old_2d6x6_observables.svg	AF_QMC/docs/figures/temperature_dependence_20260703/fast_vs_old_2d6x6_observables.svg	c4d4520bcf7a840b69f350693f214cbc77ffc38a541d1db51e854ebb49bc77fd	c4d4520bcf7a840b69f350693f214cbc77ffc38a541d1db51e854ebb49bc77fd	122366	false
docs/figures/temperature_dependence_20260703/fast_vs_old_2d6x6_walltime.png	AF_QMC/docs/figures/temperature_dependence_20260703/fast_vs_old_2d6x6_walltime.png	207dc3068ae31612c2cc124dfb504c7f4dc80d2a9cd92907dff6de1f907c862e	207dc3068ae31612c2cc124dfb504c7f4dc80d2a9cd92907dff6de1f907c862e	44866	false
docs/figures/temperature_dependence_20260703/fast_vs_old_2d6x6_walltime.svg	AF_QMC/docs/figures/temperature_dependence_20260703/fast_vs_old_2d6x6_walltime.svg	ab7890d291fbbb47a1e3a63d16d9e13c50167e9eb978ec0aac7c451b771897cc	ab7890d291fbbb47a1e3a63d16d9e13c50167e9eb978ec0aac7c451b771897cc	37174	false
docs/figures/temperature_dependence_20260703/oned_doublon_vs_temperature.png	AF_QMC/docs/figures/temperature_dependence_20260703/oned_doublon_vs_temperature.png	359bea65c6207b00d0996e1339018d182f3400716241fb9f06ce238d8a3f6b0c	359bea65c6207b00d0996e1339018d182f3400716241fb9f06ce238d8a3f6b0c	172752	false
docs/figures/temperature_dependence_20260703/oned_doublon_vs_temperature.svg	AF_QMC/docs/figures/temperature_dependence_20260703/oned_doublon_vs_temperature.svg	e73f725b9746db02978ab34cab775b706d115e40cdff77dc4c76110d8cb1ce41	e73f725b9746db02978ab34cab775b706d115e40cdff77dc4c76110d8cb1ce41	113978	false
docs/figures/temperature_dependence_20260703/oned_energy_vs_temperature.png	AF_QMC/docs/figures/temperature_dependence_20260703/oned_energy_vs_temperature.png	4dc840f95b01baf6deb67da39b8fdb5085953d277d84a54831bb9d524a39bd81	4dc840f95b01baf6deb67da39b8fdb5085953d277d84a54831bb9d524a39bd81	155375	false
docs/figures/temperature_dependence_20260703/oned_energy_vs_temperature.svg	AF_QMC/docs/figures/temperature_dependence_20260703/oned_energy_vs_temperature.svg	f6cfd0957efc47363ff9eac3971187a0b4ca5bd2b4d56495be17ef3c39aba6f4	f6cfd0957efc47363ff9eac3971187a0b4ca5bd2b4d56495be17ef3c39aba6f4	114084	false
docs/figures/temperature_dependence_20260703/summary_oned_doublon_with_errorbars.png	AF_QMC/docs/figures/temperature_dependence_20260703/summary_oned_doublon_with_errorbars.png	3a73ae7f54b475ebc200e3ba958d0dcc55c0e4d2f839d5b36e881e221d835ba2	3a73ae7f54b475ebc200e3ba958d0dcc55c0e4d2f839d5b36e881e221d835ba2	179163	false
docs/figures/temperature_dependence_20260703/summary_oned_doublon_with_errorbars.svg	AF_QMC/docs/figures/temperature_dependence_20260703/summary_oned_doublon_with_errorbars.svg	dec7501cdfa2850094683693d4db56e8c8fcdd725e69c345a2d86d1793c50526	dec7501cdfa2850094683693d4db56e8c8fcdd725e69c345a2d86d1793c50526	199481	false
docs/figures/temperature_dependence_20260703/summary_oned_energy_with_errorbars.png	AF_QMC/docs/figures/temperature_dependence_20260703/summary_oned_energy_with_errorbars.png	cdbcc2c192ffb4b0c517defb010581637c70b9b5d6146fb7a40a16c34acdc7ad	cdbcc2c192ffb4b0c517defb010581637c70b9b5d6146fb7a40a16c34acdc7ad	161536	false
docs/figures/temperature_dependence_20260703/summary_oned_energy_with_errorbars.svg	AF_QMC/docs/figures/temperature_dependence_20260703/summary_oned_energy_with_errorbars.svg	dd190b36ea323b17500e6aa036bf9b878839497605038422a9889f5931c266fa	dd190b36ea323b17500e6aa036bf9b878839497605038422a9889f5931c266fa	199702	false
docs/figures/temperature_dependence_20260703/temperature_dependence_overview.png	AF_QMC/docs/figures/temperature_dependence_20260703/temperature_dependence_overview.png	29410994ebb3528e77d51bc807facd5a518462e30324e05cbf3353482dab1cb9	29410994ebb3528e77d51bc807facd5a518462e30324e05cbf3353482dab1cb9	264289	false
docs/figures/temperature_dependence_20260703/temperature_dependence_overview.svg	AF_QMC/docs/figures/temperature_dependence_20260703/temperature_dependence_overview.svg	8696ef076d2421fbd1d2bbac7519534d80e3a526583bf18dbc52f42c65dfe57d	8696ef076d2421fbd1d2bbac7519534d80e3a526583bf18dbc52f42c65dfe57d	177322	false
docs/figures/temperature_dependence_20260703/twod_doublon_vs_temperature.png	AF_QMC/docs/figures/temperature_dependence_20260703/twod_doublon_vs_temperature.png	b0f30cc77c5bb0bc0aee823a288f2309ecfc7841e8725421c895b63fbeb362b9	b0f30cc77c5bb0bc0aee823a288f2309ecfc7841e8725421c895b63fbeb362b9	512156	false
docs/figures/temperature_dependence_20260703/twod_doublon_vs_temperature.svg	AF_QMC/docs/figures/temperature_dependence_20260703/twod_doublon_vs_temperature.svg	3d4ff67df0b62aae3f1f576a5c638ec2cf717e54cead5ff963d4630e4315b04f	3d4ff67df0b62aae3f1f576a5c638ec2cf717e54cead5ff963d4630e4315b04f	356560	false
docs/figures/temperature_dependence_20260703/twod_energy_vs_temperature.png	AF_QMC/docs/figures/temperature_dependence_20260703/twod_energy_vs_temperature.png	6bf8c209a14fc5a78fed86d56444e11c5d5bea7f85861e6e3677a9a60737348c	6bf8c209a14fc5a78fed86d56444e11c5d5bea7f85861e6e3677a9a60737348c	452771	false
docs/figures/temperature_dependence_20260703/twod_energy_vs_temperature.svg	AF_QMC/docs/figures/temperature_dependence_20260703/twod_energy_vs_temperature.svg	11d1b1bbaf24c631c907d3e7bf22df37bee6a36404b0aeada448520569e26c54	11d1b1bbaf24c631c907d3e7bf22df37bee6a36404b0aeada448520569e26c54	360074	false
docs/hackathon-kickoff.md	AF_QMC/docs/hackathon-kickoff.md	15d0b648c92876fca33422cf129d4a1508faab16c27d4837b003d2d643329207	15d0b648c92876fca33422cf129d4a1508faab16c27d4837b003d2d643329207	5328	false
docs/retrospectives/2026-06-25-dqmc-development-retrospective.md	AF_QMC/docs/retrospectives/2026-06-25-dqmc-development-retrospective.md	578f62e0387923fd7707f028d768d96ea4466c33efef9cf2afcb05a201a6721e	578f62e0387923fd7707f028d768d96ea4466c33efef9cf2afcb05a201a6721e	4714	false
docs/retrospectives/2026-07-13-daily-log.md	AF_QMC/docs/retrospectives/2026-07-13-daily-log.md	313da76a48ed4f2acaf0aad089aee87fc86463e6e3309079803b502566fd8170	313da76a48ed4f2acaf0aad089aee87fc86463e6e3309079803b502566fd8170	5714	false
docs/retrospectives/2026-07-14-daily-log.md	AF_QMC/docs/retrospectives/2026-07-14-daily-log.md	5f1904598a009143f61573d111c0bb07afd83355815c74c7cb6da377d1044bc5	5f1904598a009143f61573d111c0bb07afd83355815c74c7cb6da377d1044bc5	6575	false
docs/reviews/2026-06-25-dqmc-mpi-replica-parallelization-design-review.md	AF_QMC/docs/reviews/2026-06-25-dqmc-mpi-replica-parallelization-design-review.md	1eb9fc0ac5a47df448a9e01d087eaba59a9df390965aef426c6f3758a17c4deb	1eb9fc0ac5a47df448a9e01d087eaba59a9df390965aef426c6f3758a17c4deb	8099	false
docs/reviews/2026-06-25-dqmc-profiling-timer-implementation-review.md	AF_QMC/docs/reviews/2026-06-25-dqmc-profiling-timer-implementation-review.md	a60683e50bf738197dce7d697a2b13f8420527d4e69c446329455d6f04539f38	a60683e50bf738197dce7d697a2b13f8420527d4e69c446329455d6f04539f38	6003	false
docs/reviews/2026-06-25-dqmc-profiling-timer-plan-review.md	AF_QMC/docs/reviews/2026-06-25-dqmc-profiling-timer-plan-review.md	6afd293e52d4e27aa53703d1eae7ceb1fabf88cb8a5ff1719d0686d6f3cd2c11	6afd293e52d4e27aa53703d1eae7ceb1fabf88cb8a5ff1719d0686d6f3cd2c11	7736	false
docs/reviews/2026-06-25-dqmc-replica-parallelization-design-review.md	AF_QMC/docs/reviews/2026-06-25-dqmc-replica-parallelization-design-review.md	c772341e6b375c484cd173df1eb37e41c0ef6233aca098053244cb6e96d81eed	c772341e6b375c484cd173df1eb37e41c0ef6233aca098053244cb6e96d81eed	6696	false
docs/reviews/2026-06-25-dqmc-replica-parallelization-implementation-review.md	AF_QMC/docs/reviews/2026-06-25-dqmc-replica-parallelization-implementation-review.md	52eb2de5e8540e1a4e271b53b5b0ea642e5827d590264268e5c5d9eca27023ba	52eb2de5e8540e1a4e271b53b5b0ea642e5827d590264268e5c5d9eca27023ba	5087	false
docs/reviews/2026-06-25-dqmc-replica-parallelization-plan-review.md	AF_QMC/docs/reviews/2026-06-25-dqmc-replica-parallelization-plan-review.md	c471534533e2ee16566eb528ce8e808bffac3e2ac0806ee2bb72928aa4fc102d	c471534533e2ee16566eb528ce8e808bffac3e2ac0806ee2bb72928aa4fc102d	6287	false
docs/reviews/2026-06-25-finite-T-aux-field-qmc-implementation-review.md	AF_QMC/docs/reviews/2026-06-25-finite-T-aux-field-qmc-implementation-review.md	b3663207208ca15a87f1df5ccf4d31e3215f1f39bccb9245fe0754c3d33efcb8	b3663207208ca15a87f1df5ccf4d31e3215f1f39bccb9245fe0754c3d33efcb8	8596	false
docs/reviews/2026-06-25-finite-T-aux-field-qmc-plan-fifth-review.md	AF_QMC/docs/reviews/2026-06-25-finite-T-aux-field-qmc-plan-fifth-review.md	fd00ef1bab5aa64a71ecf7b5b4b887a70d4eba14ebf74d698c6933ab5dd05b7f	fd00ef1bab5aa64a71ecf7b5b4b887a70d4eba14ebf74d698c6933ab5dd05b7f	5732	false
docs/reviews/2026-06-25-finite-T-aux-field-qmc-plan-fourth-review.md	AF_QMC/docs/reviews/2026-06-25-finite-T-aux-field-qmc-plan-fourth-review.md	a0baea2c5fc4867db2761b744134e3602ede1fccb05ba771ed5e62d93d9e783d	a0baea2c5fc4867db2761b744134e3602ede1fccb05ba771ed5e62d93d9e783d	5795	false
docs/reviews/2026-06-25-finite-T-aux-field-qmc-plan-rereview.md	AF_QMC/docs/reviews/2026-06-25-finite-T-aux-field-qmc-plan-rereview.md	508880aecd07bb0453adaff3d94b39cd92fdf800f6b5a25f135998800a85929f	508880aecd07bb0453adaff3d94b39cd92fdf800f6b5a25f135998800a85929f	7781	false
docs/reviews/2026-06-25-finite-T-aux-field-qmc-plan-review.md	AF_QMC/docs/reviews/2026-06-25-finite-T-aux-field-qmc-plan-review.md	0c153ae44ad5fc37bd696cb3691f53472279b4b225689061cfc8c44eb8b2fa2f	0c153ae44ad5fc37bd696cb3691f53472279b4b225689061cfc8c44eb8b2fa2f	12097	false
docs/reviews/2026-06-25-finite-T-aux-field-qmc-plan-seventh-review.md	AF_QMC/docs/reviews/2026-06-25-finite-T-aux-field-qmc-plan-seventh-review.md	36f971db2e8ed18b659353fcf5c273a2fa302aa2242c249e84774a82c11f41f4	36f971db2e8ed18b659353fcf5c273a2fa302aa2242c249e84774a82c11f41f4	6251	false
docs/reviews/2026-06-25-finite-T-aux-field-qmc-plan-sixth-review.md	AF_QMC/docs/reviews/2026-06-25-finite-T-aux-field-qmc-plan-sixth-review.md	69c44bbd88af9de7d3b618d0dc80c88d833c6f974d5fa8b4ef8a22a4760b37e5	69c44bbd88af9de7d3b618d0dc80c88d833c6f974d5fa8b4ef8a22a4760b37e5	3684	false
docs/reviews/2026-06-25-finite-T-aux-field-qmc-plan-third-review.md	AF_QMC/docs/reviews/2026-06-25-finite-T-aux-field-qmc-plan-third-review.md	6b9d85e7338a061b86475531b33462cab9b7cdc0c17a332623e9cf278ff094a6	6b9d85e7338a061b86475531b33462cab9b7cdc0c17a332623e9cf278ff094a6	5656	false
docs/reviews/2026-06-26-dqmc-mpi-replica-parallelization-implementation-review.md	AF_QMC/docs/reviews/2026-06-26-dqmc-mpi-replica-parallelization-implementation-review.md	c82b7193dede04c64d069be53d66bd7f04f5332ddace9d456ae375b991b4352d	c82b7193dede04c64d069be53d66bd7f04f5332ddace9d456ae375b991b4352d	5123	false
docs/reviews/2026-06-26-dqmc-mpi-replica-parallelization-plan-review.md	AF_QMC/docs/reviews/2026-06-26-dqmc-mpi-replica-parallelization-plan-review.md	a739a7f23e7e202f795e8cbfba4eee881e5bbb25055553ee1b5d8b6eacb44908	a739a7f23e7e202f795e8cbfba4eee881e5bbb25055553ee1b5d8b6eacb44908	7963	false
docs/reviews/2026-07-01-dqmc-sign-stabilization-implementation-review.md	AF_QMC/docs/reviews/2026-07-01-dqmc-sign-stabilization-implementation-review.md	85f0733edf9f81687adf1a5417cfae7159e5e427403a57f980297a486aab099c	85f0733edf9f81687adf1a5417cfae7159e5e427403a57f980297a486aab099c	3970	false
docs/reviews/2026-07-01-dqmc-sign-stabilization-plan-review.md	AF_QMC/docs/reviews/2026-07-01-dqmc-sign-stabilization-plan-review.md	bef3209f3315bd7f2bc8bab8bf1e313d3cc5fbe26fa80b35c26c03d243335628	bef3209f3315bd7f2bc8bab8bf1e313d3cc5fbe26fa80b35c26c03d243335628	8284	false
docs/reviews/2026-07-02-delayed-update-next-steps-review.md	AF_QMC/docs/reviews/2026-07-02-delayed-update-next-steps-review.md	1ed68a33ead7f7b2731d618a755394fcf3c8f0a95e99e0044577c61886ba2d4f	1ed68a33ead7f7b2731d618a755394fcf3c8f0a95e99e0044577c61886ba2d4f	7347	false
docs/reviews/2026-07-02-dqmc-udv-stack-implementation-review.md	AF_QMC/docs/reviews/2026-07-02-dqmc-udv-stack-implementation-review.md	003d58737a6b6d0b22ee5bc16a072b9f0ab290f4d4e3c322db93e9896335494a	003d58737a6b6d0b22ee5bc16a072b9f0ab290f4d4e3c322db93e9896335494a	9149	false
docs/reviews/2026-07-02-dqmc-udv-stack-performance-plan-review.md	AF_QMC/docs/reviews/2026-07-02-dqmc-udv-stack-performance-plan-review.md	e8e50082a60458e01d865c063706d24170faaf13798329cc0b7d8d98c493ff04	e8e50082a60458e01d865c063706d24170faaf13798329cc0b7d8d98c493ff04	9561	false
docs/reviews/2026-07-02-ph-symmetry-implementation-review.md	AF_QMC/docs/reviews/2026-07-02-ph-symmetry-implementation-review.md	8e52209f8925d63b72c453366e329ddba4d0b1fdc35cf80afcf3dd913ed3921c	8e52209f8925d63b72c453366e329ddba4d0b1fdc35cf80afcf3dd913ed3921c	11601	false
docs/reviews/2026-07-02-ph-symmetry-kugui-validation-review.md	AF_QMC/docs/reviews/2026-07-02-ph-symmetry-kugui-validation-review.md	eae7766e768826a70465dbaba512bd422d1567d1a6f9afbeb733190e31a86de6	eae7766e768826a70465dbaba512bd422d1567d1a6f9afbeb733190e31a86de6	7201	false
docs/reviews/2026-07-02-single-spin-stabilization-plan-review.md	AF_QMC/docs/reviews/2026-07-02-single-spin-stabilization-plan-review.md	4922c1dd6c53cde781b28f2f97b82b6300a4b31248ac89c311d96eb844ea546b	4922c1dd6c53cde781b28f2f97b82b6300a4b31248ac89c311d96eb844ea546b	10021	false
docs/reviews/2026-07-06-dqmc-speedup-physics-validity-review.md	AF_QMC/docs/reviews/2026-07-06-dqmc-speedup-physics-validity-review.md	bb1be8c21ec1a2655d0c69afcef31c26c4cb6c7029d308a96a1130ac4df75b8b	bb1be8c21ec1a2655d0c69afcef31c26c4cb6c7029d308a96a1130ac4df75b8b	13740	false
docs/reviews/2026-08-21-szz-structure-factor-design-plan-review.md	AF_QMC/docs/reviews/2026-08-21-szz-structure-factor-design-plan-review.md	584028fe1e0c313d3aded4e9d6fed9140f19b2d4f9d41ff249124f9b51295fd5	584028fe1e0c313d3aded4e9d6fed9140f19b2d4f9d41ff249124f9b51295fd5	33317	false
docs/reviews/2026-08-21-szz-structure-factor-implementation-review.md	AF_QMC/docs/reviews/2026-08-21-szz-structure-factor-implementation-review.md	054e5a9419c1d06e212d78aa42b4660463c4f492f9188f0003421c0921a10fa9	054e5a9419c1d06e212d78aa42b4660463c4f492f9188f0003421c0921a10fa9	19959	false
docs/reviews/2026-08-22-sperp-structure-factor-implementation-review.md	AF_QMC/docs/reviews/2026-08-22-sperp-structure-factor-implementation-review.md	33ef675c6e33bea86e77c432df75d43bda5cbadf0582235119f145c091a77885	33ef675c6e33bea86e77c432df75d43bda5cbadf0582235119f145c091a77885	17831	false
docs/reviews/2026-08-22-sperp-structure-factor-plan-review.md	AF_QMC/docs/reviews/2026-08-22-sperp-structure-factor-plan-review.md	124b4af191d09d707b94a18d7ad517746120a65667a24c052ba57465409f639e	124b4af191d09d707b94a18d7ad517746120a65667a24c052ba57465409f639e	24262	false
docs/superpowers/plans/2026-06-24-finite-T-aux-field-qmc.md	AF_QMC/docs/superpowers/plans/2026-06-24-finite-T-aux-field-qmc.md	72ef19df0042078a0ef0be73d511d1d181ae560edbd1b6cfee6c6769e066c5cc	72ef19df0042078a0ef0be73d511d1d181ae560edbd1b6cfee6c6769e066c5cc	88207	false
docs/superpowers/plans/2026-06-25-dqmc-profiling-timer.md	AF_QMC/docs/superpowers/plans/2026-06-25-dqmc-profiling-timer.md	1edc0e678744f4116f28acf63b6adbe48447514feb29e27fd8112c03fd2bcbe1	1edc0e678744f4116f28acf63b6adbe48447514feb29e27fd8112c03fd2bcbe1	33160	false
docs/superpowers/plans/2026-06-25-dqmc-replica-parallelization.md	AF_QMC/docs/superpowers/plans/2026-06-25-dqmc-replica-parallelization.md	41f7c0b9b4976a30237fe9dc858208d13391a409be3489ac5e890736684aa664	41f7c0b9b4976a30237fe9dc858208d13391a409be3489ac5e890736684aa664	53826	false
docs/superpowers/plans/2026-06-26-dqmc-mpi-replica-parallelization.md	AF_QMC/docs/superpowers/plans/2026-06-26-dqmc-mpi-replica-parallelization.md	7dccd26f44988efafc4027175a67d1a24733389f8789f84934912abf336a40bf	7dccd26f44988efafc4027175a67d1a24733389f8789f84934912abf336a40bf	66378	false
docs/superpowers/plans/2026-07-01-dqmc-sign-stabilization.md	AF_QMC/docs/superpowers/plans/2026-07-01-dqmc-sign-stabilization.md	520977c8b0b5ca706ae23c31cd463bf10edf9d8ea567efaf8c1ce7cb6d2feb78	520977c8b0b5ca706ae23c31cd463bf10edf9d8ea567efaf8c1ce7cb6d2feb78	23944	false
docs/superpowers/plans/2026-07-02-dqmc-single-spin-stabilization-performance.md	AF_QMC/docs/superpowers/plans/2026-07-02-dqmc-single-spin-stabilization-performance.md	98e6f1d31971398f32c93ac381ebd005350d9694c6f19b93bda2744cff9cd0d8	98e6f1d31971398f32c93ac381ebd005350d9694c6f19b93bda2744cff9cd0d8	24613	false
docs/superpowers/plans/2026-07-02-dqmc-udv-stack-performance.md	AF_QMC/docs/superpowers/plans/2026-07-02-dqmc-udv-stack-performance.md	3e790c017a1868e3ab4a23c4c8376a7760f97d4938e99656170e03f867d29b6e	3e790c017a1868e3ab4a23c4c8376a7760f97d4938e99656170e03f867d29b6e	26279	false
docs/superpowers/plans/2026-07-06-dqmc-triangular-tinv-hotpath.md	AF_QMC/docs/superpowers/plans/2026-07-06-dqmc-triangular-tinv-hotpath.md	e80e923d9280f9de2d8dc99affc2c4240d75029a6064c28dfc8bbf49697e25f1	e80e923d9280f9de2d8dc99affc2c4240d75029a6064c28dfc8bbf49697e25f1	7231	false
docs/superpowers/plans/2026-08-21-szz-structure-factor-implementation.md	AF_QMC/docs/superpowers/plans/2026-08-21-szz-structure-factor-implementation.md	93e61728625ee746827b636a29b56c88c7c0b0306a2a9c23b85f1bc4084b97ad	93e61728625ee746827b636a29b56c88c7c0b0306a2a9c23b85f1bc4084b97ad	31687	false
docs/superpowers/plans/2026-08-22-sperp-structure-factor-implementation.md	AF_QMC/docs/superpowers/plans/2026-08-22-sperp-structure-factor-implementation.md	c11e3a4b0f672c7e3d96d812bb62d66ef0631334e9e9029de1bfb2fe6761ea79	c11e3a4b0f672c7e3d96d812bb62d66ef0631334e9e9029de1bfb2fe6761ea79	26426	false
docs/superpowers/specs/2026-06-24-finite-T-aux-field-qmc-design.md	AF_QMC/docs/superpowers/specs/2026-06-24-finite-T-aux-field-qmc-design.md	88a084681516de451fe08dc832f5164fbf4c37def5e6bc9050f3f17b2ba44dd2	88a084681516de451fe08dc832f5164fbf4c37def5e6bc9050f3f17b2ba44dd2	12710	false
docs/superpowers/specs/2026-06-25-dqmc-mpi-replica-parallelization-design.md	AF_QMC/docs/superpowers/specs/2026-06-25-dqmc-mpi-replica-parallelization-design.md	b2022f023ef4ee373f6ff51c72d1055b5144607e751bf82adbc4c430f11a4caf	b2022f023ef4ee373f6ff51c72d1055b5144607e751bf82adbc4c430f11a4caf	21273	false
docs/superpowers/specs/2026-06-25-dqmc-profiling-timer-design.md	AF_QMC/docs/superpowers/specs/2026-06-25-dqmc-profiling-timer-design.md	ac2230b869c28bf532260d3933c713e9269d8caacedb7c8e8b17a67f0d0585ad	ac2230b869c28bf532260d3933c713e9269d8caacedb7c8e8b17a67f0d0585ad	8958	false
docs/superpowers/specs/2026-06-25-dqmc-replica-parallelization-design.md	AF_QMC/docs/superpowers/specs/2026-06-25-dqmc-replica-parallelization-design.md	3d596fefe44066616eb129f966c01b95e445004b99f56fcb6b87288b502f3877	3d596fefe44066616eb129f966c01b95e445004b99f56fcb6b87288b502f3877	14383	false
docs/superpowers/specs/2026-08-21-szz-structure-factor-design.md	AF_QMC/docs/superpowers/specs/2026-08-21-szz-structure-factor-design.md	85050305d59dbe5ebd63e49fc7f68c9bf20122af94bd89c431871305d6708f7d	85050305d59dbe5ebd63e49fc7f68c9bf20122af94bd89c431871305d6708f7d	26403	false
input/1d_L4_U0.txt	AF_QMC/input/1d_L4_U0.txt	94e13da9686ef5720548d493331dcf97a9c1f3ff6c8837fd8cd966e5767619ff	94e13da9686ef5720548d493331dcf97a9c1f3ff6c8837fd8cd966e5767619ff	111	false
input/1d_L4_U0_spin_all.txt	AF_QMC/input/1d_L4_U0_spin_all.txt	e1948d1a2c31f5f95123cf4f1ce17a07d8df06adb151f480dcc74ca5dd6848c7	e1948d1a2c31f5f95123cf4f1ce17a07d8df06adb151f480dcc74ca5dd6848c7	207	false
input/1d_L4_U0_szz_all.txt	AF_QMC/input/1d_L4_U0_szz_all.txt	08c68b1cb69e7f8b619403d8e3050442c6813ed9eb80f562db24cc91fadcf98d	08c68b1cb69e7f8b619403d8e3050442c6813ed9eb80f562db24cc91fadcf98d	131	false
input/1d_L4_U0_szz_all_hybrid.txt	AF_QMC/input/1d_L4_U0_szz_all_hybrid.txt	abdfe0c6c43fd0f2fd8f9085ce3b03d2408c742e5916d832d39d59b7598e4f75	abdfe0c6c43fd0f2fd8f9085ce3b03d2408c742e5916d832d39d59b7598e4f75	154	false
input/1d_L4_U0_szz_all_mpi.txt	AF_QMC/input/1d_L4_U0_szz_all_mpi.txt	b837101d3ac761b8edc65990f8697b7a62c7e4ecbb6823d25952fd4062105360	b837101d3ac761b8edc65990f8697b7a62c7e4ecbb6823d25952fd4062105360	151	false
input/1d_L4_U0_szz_all_omp.txt	AF_QMC/input/1d_L4_U0_szz_all_omp.txt	3a7fbca411da961a2d6c1750cc24b358a38c0c9460f7fe2c0a42106d08c4ef72	3a7fbca411da961a2d6c1750cc24b358a38c0c9460f7fe2c0a42106d08c4ef72	151	false
input/1d_L4_U4.txt	AF_QMC/input/1d_L4_U4.txt	8af00ad9e1ac325d875ba84913744949e72f46e419d416bf8f86e206d8c043d8	8af00ad9e1ac325d875ba84913744949e72f46e419d416bf8f86e206d8c043d8	117	false
input/bench_2d_L16.txt	AF_QMC/input/bench_2d_L16.txt	594295ed640995c5525336a26abbfbda523068d029571cce6e1635fe383b876d	8f9bbcaf5afad0d2d36732b1db18882f70b27265a1bc96490d84b1976b2b58a7	174	true
input/bench_2d_L8.txt	AF_QMC/input/bench_2d_L8.txt	db91639a65041ee7ceb86470fe02032086d1fda7b21e0f04ad5e26cf7312f4d1	055d26c5f8827862069800a4a21a98aa81588b3d2f5e7b296fbbce97d833a86d	171	true
src/dqmc.c	AF_QMC/src/dqmc.c	09ca73dd6187e3754132d054f085908945c4cedff0a8eb9b38dbb22ade70e1ab	09ca73dd6187e3754132d054f085908945c4cedff0a8eb9b38dbb22ade70e1ab	31193	false
src/dqmc.h	AF_QMC/src/dqmc.h	aaac3161ab4b6b8dca9d461d73dc10e914550c14f11cc829d5aa1104dcc38ce8	aaac3161ab4b6b8dca9d461d73dc10e914550c14f11cc829d5aa1104dcc38ce8	2891	false
src/field.c	AF_QMC/src/field.c	86af581bd5eacdc0ba98f3b5114a62249e1a41e89282319a805ff236c3ab7b12	86af581bd5eacdc0ba98f3b5114a62249e1a41e89282319a805ff236c3ab7b12	1230	false
src/field.h	AF_QMC/src/field.h	72fc5bc7027fccc40593b281500a92a947cc52fdb24e3c42b138d05a41b197dc	72fc5bc7027fccc40593b281500a92a947cc52fdb24e3c42b138d05a41b197dc	336	false
src/green.c	AF_QMC/src/green.c	531fec55d1384d25f0ad32ac191fa113c0c8b4da50b7c06d1b32712e2fec74f4	531fec55d1384d25f0ad32ac191fa113c0c8b4da50b7c06d1b32712e2fec74f4	14914	false
src/green.h	AF_QMC/src/green.h	e25e1bdb2c0590508b1f3db39d8636440e907c0f62ac58780df30eb68c0d902e	e25e1bdb2c0590508b1f3db39d8636440e907c0f62ac58780df30eb68c0d902e	3627	false
src/io.c	AF_QMC/src/io.c	95a38ff3a1e96c4f97d25cf7736a725c809b39d612d285cdb6c9a44816c2a82b	95a38ff3a1e96c4f97d25cf7736a725c809b39d612d285cdb6c9a44816c2a82b	14113	false
src/io.h	AF_QMC/src/io.h	0762301e49da7276d7f51169db4b1d171de202e89c88b1c04520fbbe75d608b1	0762301e49da7276d7f51169db4b1d171de202e89c88b1c04520fbbe75d608b1	764	false
src/lattice.c	AF_QMC/src/lattice.c	4e25afe454133cbcc78199f455f033b2f27e08da5a48ba5e08cdfa0d02d42793	4e25afe454133cbcc78199f455f033b2f27e08da5a48ba5e08cdfa0d02d42793	5230	false
src/lattice.h	AF_QMC/src/lattice.h	150404ba36a91cb71b1449198cce65714344612130e40b3704c699efe6737e60	150404ba36a91cb71b1449198cce65714344612130e40b3704c699efe6737e60	562	false
src/linalg.c	AF_QMC/src/linalg.c	86172cd7b5dbb68e348bfc34ea3b4523746fb0f335edde6a56b41e5c559ebc28	86172cd7b5dbb68e348bfc34ea3b4523746fb0f335edde6a56b41e5c559ebc28	43622	false
src/linalg.h	AF_QMC/src/linalg.h	549e8da4f61413bfb034beeffd052f9e34e40943436d51ca3e1bfc667cca602a	549e8da4f61413bfb034beeffd052f9e34e40943436d51ca3e1bfc667cca602a	3002	false
src/main.c	AF_QMC/src/main.c	17893d5b3fcd40f9933c6698c53280eb2ac1bdc3f2e64038e92475736766511e	17893d5b3fcd40f9933c6698c53280eb2ac1bdc3f2e64038e92475736766511e	85591	false
src/measure.c	AF_QMC/src/measure.c	c076bcd819e493bf97270986f5318ae9dac014ece948ebe6b5370420d0205f41	c076bcd819e493bf97270986f5318ae9dac014ece948ebe6b5370420d0205f41	1690	false
src/measure.h	AF_QMC/src/measure.h	463afc54e2801f53c70a76c09f54907986bcbee7f1255f3535be4373e877e43f	463afc54e2801f53c70a76c09f54907986bcbee7f1255f3535be4373e877e43f	410	false
src/model.c	AF_QMC/src/model.c	38b78043a39f3edbf21b16d5977c3815efb95867f99914b84a68439a47b05e5e	38b78043a39f3edbf21b16d5977c3815efb95867f99914b84a68439a47b05e5e	1120	false
src/model.h	AF_QMC/src/model.h	701bdcd1ae9347494b35e19734f3b08e5ed753aa7e6fc744e25cc266f6443897	701bdcd1ae9347494b35e19734f3b08e5ed753aa7e6fc744e25cc266f6443897	403	false
src/profiler.c	AF_QMC/src/profiler.c	3dd3c6c647a28d03096b643a9f8046e48c6dff03dd26ddbc8b8bd424b541a04a	3dd3c6c647a28d03096b643a9f8046e48c6dff03dd26ddbc8b8bd424b541a04a	6718	false
src/profiler.h	AF_QMC/src/profiler.h	b6c91f7efa14903fb39033c69de5d673db834ea9284cfb66f15a426849c46fc4	b6c91f7efa14903fb39033c69de5d673db834ea9284cfb66f15a426849c46fc4	2516	false
src/replica.c	AF_QMC/src/replica.c	bfcd53f8f4cc3a58e7ba1151d08b3cd49625544910e6a23f4bb90d9b9ff04368	bfcd53f8f4cc3a58e7ba1151d08b3cd49625544910e6a23f4bb90d9b9ff04368	9898	false
src/replica.h	AF_QMC/src/replica.h	09e9ce2dd7d0f7da7f1972a478c7eafed910184c01438eb67d5134f9efdceba4	09e9ce2dd7d0f7da7f1972a478c7eafed910184c01438eb67d5134f9efdceba4	2352	false
src/replica_mpi.c	AF_QMC/src/replica_mpi.c	76002c30db3d25f87921d352b42655ee6bed72488b232f17124a4565325ae6d2	76002c30db3d25f87921d352b42655ee6bed72488b232f17124a4565325ae6d2	6505	false
src/replica_mpi.h	AF_QMC/src/replica_mpi.h	3b4c031f487b350c484a26aa80ffc318b7b3a68123aa13c747bc3c380fc5c1e1	3b4c031f487b350c484a26aa80ffc318b7b3a68123aa13c747bc3c380fc5c1e1	1064	false
src/replica_run.c	AF_QMC/src/replica_run.c	8f1dc496a3abdebc9dbce413937a19c0f84d4709db51ad1f0ac4cdfbe8af9378	8f1dc496a3abdebc9dbce413937a19c0f84d4709db51ad1f0ac4cdfbe8af9378	18858	false
src/replica_run.h	AF_QMC/src/replica_run.h	9c45d3dd06fd4c0c2a4acef11835aa9a2b6a5626e906b6df212cdae2c094e471	9c45d3dd06fd4c0c2a4acef11835aa9a2b6a5626e906b6df212cdae2c094e471	518	false
src/rng.c	AF_QMC/src/rng.c	01944305266d0e882efd3e32a697d0984d949fbf74dccca390b3a24752502fa5	01944305266d0e882efd3e32a697d0984d949fbf74dccca390b3a24752502fa5	740	false
src/rng.h	AF_QMC/src/rng.h	714ecb6c36d2d16e9d29d7ba6df0e5283bbb20d58fc3ebdc40cdba3d2da6f05b	714ecb6c36d2d16e9d29d7ba6df0e5283bbb20d58fc3ebdc40cdba3d2da6f05b	167	false
src/structure_factor.c	AF_QMC/src/structure_factor.c	beb6bbf1bc38fd3d1b68bf42d13209a6d239f38dbdf1ae651cd6b63071a654cc	beb6bbf1bc38fd3d1b68bf42d13209a6d239f38dbdf1ae651cd6b63071a654cc	14803	false
src/structure_factor.h	AF_QMC/src/structure_factor.h	f39712a6b56135c854f1aa18b346a8e39918215c7128acf5d1732838d3aa7268	f39712a6b56135c854f1aa18b346a8e39918215c7128acf5d1732838d3aa7268	2616	false
tests/fixtures/udv_phase6a_actual_n16.txt	AF_QMC/tests/fixtures/udv_phase6a_actual_n16.txt	15f7284767aea6365304b2a9c12603368e21d4d4d24a332a0683759967d036b3	15f7284767aea6365304b2a9c12603368e21d4d4d24a332a0683759967d036b3	8600	false
tests/fixtures/udv_phase6a_actual_n16_green.txt	AF_QMC/tests/fixtures/udv_phase6a_actual_n16_green.txt	cdd7034c622d8267179b5bdb83f7016453b50014cd19baabb44464d61ae7a384	cdd7034c622d8267179b5bdb83f7016453b50014cd19baabb44464d61ae7a384	5499	false
tests/fixtures/udv_phase6a_two_sided_n4.txt	AF_QMC/tests/fixtures/udv_phase6a_two_sided_n4.txt	d2264c9029c02fa44f616d119f2a5101724f9ab877d8651147011f858ec5318a	d2264c9029c02fa44f616d119f2a5101724f9ab877d8651147011f858ec5318a	1130	false
tests/test_dqmc.c	AF_QMC/tests/test_dqmc.c	8c32959d7de26db750b09f091f92424ce7f60b09dd1d71a5cff9b9cf1d1e8a01	8c32959d7de26db750b09f091f92424ce7f60b09dd1d71a5cff9b9cf1d1e8a01	14869	false
tests/test_dqmc_alternating.c	AF_QMC/tests/test_dqmc_alternating.c	bd029b5842cad73c8b0be6ca34df6d480e557ea8b207757df84a377a06e5eea1	bd029b5842cad73c8b0be6ca34df6d480e557ea8b207757df84a377a06e5eea1	5669	false
tests/test_dqmc_stab_drift.c	AF_QMC/tests/test_dqmc_stab_drift.c	91186574832af1af9c2d7b6323ca08b09164c58e3c0fa9b5f15da4e1cedc1dbb	91186574832af1af9c2d7b6323ca08b09164c58e3c0fa9b5f15da4e1cedc1dbb	1472	false
tests/test_dqmc_stack.c	AF_QMC/tests/test_dqmc_stack.c	0a21a72b59a901d9651673173c7bb1fbc1e7667e9c389cf3b69c80bfeff4575a	0a21a72b59a901d9651673173c7bb1fbc1e7667e9c389cf3b69c80bfeff4575a	6376	false
tests/test_field.c	AF_QMC/tests/test_field.c	eee0822e658394a8d46abf8a6ddf199f30db7962b0d01bdcd7267aeed041b1df	eee0822e658394a8d46abf8a6ddf199f30db7962b0d01bdcd7267aeed041b1df	791	false
tests/test_green_buildb.c	AF_QMC/tests/test_green_buildb.c	b3799b4b50963a20a6a65452ee5ee33b20e17f9d01b9873ce738f7cc0919c9f2	b3799b4b50963a20a6a65452ee5ee33b20e17f9d01b9873ce738f7cc0919c9f2	898	false
tests/test_green_delay.c	AF_QMC/tests/test_green_delay.c	260ba6eb2970051abe311d0b8f0c32bcf81fa017481e32b0d10183a49ec48451	260ba6eb2970051abe311d0b8f0c32bcf81fa017481e32b0d10183a49ec48451	4891	false
tests/test_green_init.c	AF_QMC/tests/test_green_init.c	8e2879f1c4926c213b31caf8d45c6227c32f9a5ea3663c924c24f6bc76666b2c	8e2879f1c4926c213b31caf8d45c6227c32f9a5ea3663c924c24f6bc76666b2c	3137	false
tests/test_green_stack.c	AF_QMC/tests/test_green_stack.c	748a6fb6da4c3ac361d10a432cbedfe8c1a2255dab302019c842d8e656da7274	748a6fb6da4c3ac361d10a432cbedfe8c1a2255dab302019c842d8e656da7274	9461	false
tests/test_green_stack_lowtemp_slow.c	AF_QMC/tests/test_green_stack_lowtemp_slow.c	ed13f6c9886a2ac7e8ae87f113a4ffbd85ffbc059602c652cc5e53c9cdca1942	ed13f6c9886a2ac7e8ae87f113a4ffbd85ffbc059602c652cc5e53c9cdca1942	2702	false
tests/test_green_update.c	AF_QMC/tests/test_green_update.c	c2f22d5206217b09702aecfd6a18514c8e2104e3bd52d428d33b2ab4afd593e4	c2f22d5206217b09702aecfd6a18514c8e2104e3bd52d428d33b2ab4afd593e4	1431	false
tests/test_green_wrap.c	AF_QMC/tests/test_green_wrap.c	9644dde1dd6d9fbe93e02bbf8d89ec8eb08fb36026910f36a5da272d0e999fd0	9644dde1dd6d9fbe93e02bbf8d89ec8eb08fb36026910f36a5da272d0e999fd0	1827	false
tests/test_integration.c	AF_QMC/tests/test_integration.c	74a14a1b94cf64c7a2e3411061d1303107caffec9bfc3392027578786a0e2627	74a14a1b94cf64c7a2e3411061d1303107caffec9bfc3392027578786a0e2627	5298	false
tests/test_io.c	AF_QMC/tests/test_io.c	5feb3c786c16205a7f2e4bf3655e7c8f0128586a2b7d52c151cba05d0ea84418	5feb3c786c16205a7f2e4bf3655e7c8f0128586a2b7d52c151cba05d0ea84418	10191	false
tests/test_lattice.c	AF_QMC/tests/test_lattice.c	d62444de126e70f69a2a9c430bfee95e68e81e293503b081602fc2a96a300de9	d62444de126e70f69a2a9c430bfee95e68e81e293503b081602fc2a96a300de9	2294	false
tests/test_lattice_file.c	AF_QMC/tests/test_lattice_file.c	641a97d9870a785a1acee3b05563539361e25793ffacea62ede6cced51b25c9a	641a97d9870a785a1acee3b05563539361e25793ffacea62ede6cced51b25c9a	1232	false
tests/test_linalg.c	AF_QMC/tests/test_linalg.c	dc21292cce125cf4dfd158648e0acf24764de9c06fb7ad7b5871a59234734981	dc21292cce125cf4dfd158648e0acf24764de9c06fb7ad7b5871a59234734981	1120	false
tests/test_link.c	AF_QMC/tests/test_link.c	72ab35da5e491c4f38aa569eb172f3a080b2e0649200b12d311c94e9dbd019f5	72ab35da5e491c4f38aa569eb172f3a080b2e0649200b12d311c94e9dbd019f5	497	false
tests/test_measure.c	AF_QMC/tests/test_measure.c	33f33464331743c9e4b4074a6dfa3942ace27db1dad546bb048100c16028da17	33f33464331743c9e4b4074a6dfa3942ace27db1dad546bb048100c16028da17	1962	false
tests/test_model.c	AF_QMC/tests/test_model.c	0b0a165c51d86b42c05528905b57f0b99c1654e585034a7f11f9a979242f5220	0b0a165c51d86b42c05528905b57f0b99c1654e585034a7f11f9a979242f5220	1108	false
tests/test_mpi_replica.c	AF_QMC/tests/test_mpi_replica.c	7c50d21722c366f21d7adf53319f6133b27e4ae662483c67bc79c147665e5cfa	7c50d21722c366f21d7adf53319f6133b27e4ae662483c67bc79c147665e5cfa	6291	false
tests/test_ph_symmetry.c	AF_QMC/tests/test_ph_symmetry.c	6278802cd1baccd3d7d535f9ee70be3455d83f7ce2d8c55469a4f867b89c9d8e	6278802cd1baccd3d7d535f9ee70be3455d83f7ce2d8c55469a4f867b89c9d8e	3764	false
tests/test_profiler.c	AF_QMC/tests/test_profiler.c	d7e3e545f41a74627efffd369bb1cd187687bb6a71a84ce09b98b7931be85555	d7e3e545f41a74627efffd369bb1cd187687bb6a71a84ce09b98b7931be85555	3995	false
tests/test_replica.c	AF_QMC/tests/test_replica.c	59cf628071804901df852aef55bb1762181d1becc74eefb4c108483556587446	59cf628071804901df852aef55bb1762181d1becc74eefb4c108483556587446	7563	false
tests/test_sign_regression_slow.c	AF_QMC/tests/test_sign_regression_slow.c	a4a39106aebf3272136490502c25b5d6e2e419fb2dd34dbaf73b79234661e14d	a4a39106aebf3272136490502c25b5d6e2e419fb2dd34dbaf73b79234661e14d	2693	false
tests/test_sperp_output.sh	AF_QMC/tests/test_sperp_output.sh	1399055b2b41fc6585bc6be1658972af1aa7ac27e2615c0b63f69fc40e2b2bf4	1399055b2b41fc6585bc6be1658972af1aa7ac27e2615c0b63f69fc40e2b2bf4	5337	false
tests/test_sperp_parallel.sh	AF_QMC/tests/test_sperp_parallel.sh	c7eac8c04b8ae5174948557a17f9130e57a47a4679c17d91e810472c96c82126	c7eac8c04b8ae5174948557a17f9130e57a47a4679c17d91e810472c96c82126	2700	false
tests/test_structure_factor.c	AF_QMC/tests/test_structure_factor.c	a54c8b42ecaed0190cac52018e52b8496f7d40a5ac15f54e9ed10cbb928c883b	a54c8b42ecaed0190cac52018e52b8496f7d40a5ac15f54e9ed10cbb928c883b	15093	false
tests/test_szz_output.sh	AF_QMC/tests/test_szz_output.sh	e4e41c28b61f8521b9b28a6beb6bbcaec3ed1fffdecfc3a9afc01613d172d2a2	e4e41c28b61f8521b9b28a6beb6bbcaec3ed1fffdecfc3a9afc01613d172d2a2	2458	false
tests/test_szz_parallel.sh	AF_QMC/tests/test_szz_parallel.sh	39b04755fa45bfa872b4b0516b40c661c671f10df439ce6925b6ad98e30695f1	39b04755fa45bfa872b4b0516b40c661c671f10df439ce6925b6ad98e30695f1	1973	false
tests/test_udv.c	AF_QMC/tests/test_udv.c	bd48f642f7ba319945c8e413b9712a8c0627dd4a7f6bd6544579c3e263076b69	bd48f642f7ba319945c8e413b9712a8c0627dd4a7f6bd6544579c3e263076b69	6558	false
tests/test_udv_phase6a_fixture.c	AF_QMC/tests/test_udv_phase6a_fixture.c	18c98091addc7d6219107f8d8a9ed6061bacda37f02965152f9c7c68f897d4e7	18c98091addc7d6219107f8d8a9ed6061bacda37f02965152f9c7c68f897d4e7	5602	false
tests/test_udv_stack.c	AF_QMC/tests/test_udv_stack.c	a0f5c26dcafe774954610f87390615207a447c63dca8480a4adaf9561b6b74db	a0f5c26dcafe774954610f87390615207a447c63dca8480a4adaf9561b6b74db	8186	false
tests/test_udv_two_sided.c	AF_QMC/tests/test_udv_two_sided.c	8004318c9cae2ae73103ab32564df7e0b736ec92b144670cc16cff93fa761682	8004318c9cae2ae73103ab32564df7e0b736ec92b144670cc16cff93fa761682	9785	false
tests/test_util.h	AF_QMC/tests/test_util.h	bb0e0c8cbb2181c1b84325e3c0d85722cadc2728fd0022bf144a039a2ba77668	bb0e0c8cbb2181c1b84325e3c0d85722cadc2728fd0022bf144a039a2ba77668	2100	false
docs/2026-07-23-public-code-naming-note.md	AF_QMC main@3177dfe/docs/2026-07-23-public-code-naming-note.md	3a835ae5be1cce7a3dde18d16c123cdeb2fc088fc5ce83eaef8c0bf38d082c19	fd2efde331b1fd17d505ca46fdd3deac5e1067de68d821193f4a91346a96e26c	3125	true
VALIDATION.md	AF_QMC/VALIDATION.md	6d1153b1a2191a02a22aebcbd6052530546bf89afda9aa5ff6b2c6e4f7aff65e	6d1153b1a2191a02a22aebcbd6052530546bf89afda9aa5ff6b2c6e4f7aff65e	3420	false
development-record/agent-instructions-2026-09-08.md	AF_QMC/AGENTS.md (working tree)	8c51fece02e3fa641e374c3463b6aca5815b664ee9cb8bfca9edc46fe1529b16	ee9fec661a65f6d2b752aacefcd407471202004c09ed68928cdcf6e34a6fe7bb	12162	true
development-record/logs/af-qmc.md	AF_QMC/LOG.md (working tree)	4fe19281f17b10f94bb269b3ff70628bc8b032f693b168b3fd61d1298d9fdad5	41eebd50cd8860539b28186ff6f04d48e260f167585a39644279821e19986370	403279	true
development-record/logs/main-supplement.md	AF_QMC main@3177dfe/LOG.md (3 entries)	74673ab97005eb2c6e5d3f4c9a2f4160193c894284ae655b4c02b7aa4ec35844	3311c3b2ba261586d22683cab337d6d19177b5aa83fa6fa1dd24ae57194a7d4d	3610	true
data/benchmark_L468_U4_full_diag_20260626/README.md	AF_QMC/data/benchmark_L468_U4_full_diag_20260626/README.md	f1de28af3feb2cdf3904967781fdaf79b95f9066b85c02acbd228df8fe3f64d1	91c290d45e476d250aa3f4e14c380fca6ada2028f6b2930e18211e15cc4b9b48	1993	true
data/benchmark_L468_U4_full_diag_20260626/analyze_full_diag_comparison.py	AF_QMC/data/benchmark_L468_U4_full_diag_20260626/analyze_full_diag_comparison.py	edbe02388ab7b281eca28542bf810dfec657408e46be1c8d5c8869fef807f760	db5d1d23d6dee0152c1ccb48683625ebb0fc41dc475fa8da57645a77887687aa	6546	true
data/benchmark_L468_U4_full_diag_20260626/comparison_qmc_vs_fulldiag.csv	AF_QMC/data/benchmark_L468_U4_full_diag_20260626/comparison_qmc_vs_fulldiag.csv	d9f41fdd9b714f0a8bc75efec9778e79e48d950fd3c737a52f121531ebdc4e43	d9f41fdd9b714f0a8bc75efec9778e79e48d950fd3c737a52f121531ebdc4e43	10741	false
data/benchmark_L468_U4_full_diag_20260626/comparison_qmc_vs_fulldiag.tsv	AF_QMC/data/benchmark_L468_U4_full_diag_20260626/comparison_qmc_vs_fulldiag.tsv	32aa3b0c27c21f0e211f0d716fa7a3fba70950f6a0b1c1ea22419be2686f6256	32aa3b0c27c21f0e211f0d716fa7a3fba70950f6a0b1c1ea22419be2686f6256	10741	false
data/benchmark_L468_U4_full_diag_20260626/input_L4.in	AF_QMC/data/benchmark_L468_U4_full_diag_20260626/input_L4.in	655082d10b98b1e6c6401b49c049d96226c7ea92fb187b85ea8022e19808dfbc	655082d10b98b1e6c6401b49c049d96226c7ea92fb187b85ea8022e19808dfbc	324	false
data/benchmark_L468_U4_full_diag_20260626/input_L6.in	AF_QMC/data/benchmark_L468_U4_full_diag_20260626/input_L6.in	5d643d052477c8690d475d0baf68aaf30388b2db9e316248ce35df029aa3ff6b	5d643d052477c8690d475d0baf68aaf30388b2db9e316248ce35df029aa3ff6b	324	false
data/benchmark_L468_U4_full_diag_20260626/input_L8.in	AF_QMC/data/benchmark_L468_U4_full_diag_20260626/input_L8.in	c95b7f78df9e144a39fc5517e634c43f01c905e8ee1e5422b66bcebe6072f16f	c95b7f78df9e144a39fc5517e634c43f01c905e8ee1e5422b66bcebe6072f16f	322	false
data/benchmark_L468_U4_full_diag_20260626/out_L4.dat	AF_QMC/data/benchmark_L468_U4_full_diag_20260626/out_L4.dat	c487f53040a2f854e5f90fa6e31952f53539781bc99c3df7de7fe308f67055d1	c487f53040a2f854e5f90fa6e31952f53539781bc99c3df7de7fe308f67055d1	1295	false
data/benchmark_L468_U4_full_diag_20260626/out_L6.dat	AF_QMC/data/benchmark_L468_U4_full_diag_20260626/out_L6.dat	99c1c6357b7bf9da949a845ab397a6bcaadcf26fc4237764c9884cdf074f710e	99c1c6357b7bf9da949a845ab397a6bcaadcf26fc4237764c9884cdf074f710e	1295	false
data/benchmark_L468_U4_full_diag_20260626/out_L8.dat	AF_QMC/data/benchmark_L468_U4_full_diag_20260626/out_L8.dat	b2325d4af5da08afbaf939b8db6e89df1eb03059932f5759293a447e61e65981	b2325d4af5da08afbaf939b8db6e89df1eb03059932f5759293a447e61e65981	1306	false
data/benchmark_L468_U4_full_diag_20260626/profile_L4.csv	AF_QMC/data/benchmark_L468_U4_full_diag_20260626/profile_L4.csv	84e36efc467cc1dab6f8f413b69874ec1af74f2273e93f4c2553027680e5642f	84e36efc467cc1dab6f8f413b69874ec1af74f2273e93f4c2553027680e5642f	90236	false
data/benchmark_L468_U4_full_diag_20260626/profile_L6.csv	AF_QMC/data/benchmark_L468_U4_full_diag_20260626/profile_L6.csv	57602f1afcf6c36a8b6a13dc52aa660e734aa0d4e4c56255541b7455869adb38	57602f1afcf6c36a8b6a13dc52aa660e734aa0d4e4c56255541b7455869adb38	90000	false
data/benchmark_L468_U4_full_diag_20260626/profile_L8.csv	AF_QMC/data/benchmark_L468_U4_full_diag_20260626/profile_L8.csv	052706fda77e64291090f77828120e574f79c4926b33c81d56be4cb6b5056ee5	052706fda77e64291090f77828120e574f79c4926b33c81d56be4cb6b5056ee5	89957	false
data/benchmark_L468_U4_full_diag_20260626/qmc_vs_fulldiag_doublon.png	AF_QMC/data/benchmark_L468_U4_full_diag_20260626/qmc_vs_fulldiag_doublon.png	967a68ddef1561db4fddd571f144c72084a031f9ffce982b07084d94d0e8b9f3	967a68ddef1561db4fddd571f144c72084a031f9ffce982b07084d94d0e8b9f3	55834	false
data/benchmark_L468_U4_full_diag_20260626/qmc_vs_fulldiag_energy_doublon.png	AF_QMC/data/benchmark_L468_U4_full_diag_20260626/qmc_vs_fulldiag_energy_doublon.png	45f0941b23e2ec15516e1062b0e8f0a39d5cdc51ed98a75ef3ae67ab3cbd1674	45f0941b23e2ec15516e1062b0e8f0a39d5cdc51ed98a75ef3ae67ab3cbd1674	112337	false
data/benchmark_L468_U4_full_diag_20260626/qmc_vs_fulldiag_residuals.png	AF_QMC/data/benchmark_L468_U4_full_diag_20260626/qmc_vs_fulldiag_residuals.png	6e54052711c3979e04267dfdfa75ad84618199b84b96999f8d2732107adbe69f	6e54052711c3979e04267dfdfa75ad84618199b84b96999f8d2732107adbe69f	162023	false
data/benchmark_L468_U4_full_diag_20260626/replicas_L4.csv	AF_QMC/data/benchmark_L468_U4_full_diag_20260626/replicas_L4.csv	820859e4afc9999a77f54644902ae4ec011421a5c5c2982de4c182f671938c6a	820859e4afc9999a77f54644902ae4ec011421a5c5c2982de4c182f671938c6a	6519	false
data/benchmark_L468_U4_full_diag_20260626/replicas_L6.csv	AF_QMC/data/benchmark_L468_U4_full_diag_20260626/replicas_L6.csv	820859e4afc9999a77f54644902ae4ec011421a5c5c2982de4c182f671938c6a	820859e4afc9999a77f54644902ae4ec011421a5c5c2982de4c182f671938c6a	6519	false
data/benchmark_L468_U4_full_diag_20260626/replicas_L8.csv	AF_QMC/data/benchmark_L468_U4_full_diag_20260626/replicas_L8.csv	6f2db655a11c46c82f925ff6a9ef3f6990aa8150f43e31e6161ac270e0028111	6f2db655a11c46c82f925ff6a9ef3f6990aa8150f43e31e6161ac270e0028111	6311	false
data/benchmark_L468_U4_full_diag_20260626/time_L4.txt	AF_QMC/data/benchmark_L468_U4_full_diag_20260626/time_L4.txt	884307d9a8491864549231c6b3fc1160c2bcb2284ed973c05d3a8dfef72d5f09	884307d9a8491864549231c6b3fc1160c2bcb2284ed973c05d3a8dfef72d5f09	35	false
data/benchmark_L468_U4_full_diag_20260626/time_L6.txt	AF_QMC/data/benchmark_L468_U4_full_diag_20260626/time_L6.txt	9579c280c9f9707a8e951c9f0bda3f553139aa3f20d37dd05b59d5096c8b233b	9579c280c9f9707a8e951c9f0bda3f553139aa3f20d37dd05b59d5096c8b233b	35	false
data/benchmark_L468_U4_full_diag_20260626/time_L8.txt	AF_QMC/data/benchmark_L468_U4_full_diag_20260626/time_L8.txt	75124fb40de5c258b7a2ec428829f57b6ce977b6d692433df5a10b7931638be5	75124fb40de5c258b7a2ec428829f57b6ce977b6d692433df5a10b7931638be5	35	false
data/L6_U4_mu2_dtau_ed_comparison/qmc_L6_U4_energy_doublon_dtau_extrap_vs_ED.csv	AF_QMC/data/L6_U4_mu2_dtau_ed_comparison/qmc_L6_U4_energy_doublon_dtau_extrap_vs_ED.csv	6a2577a0d01498b15e82841d6bf8d182e0cc6d5765bd06b61c1e4589e064bf82	6a2577a0d01498b15e82841d6bf8d182e0cc6d5765bd06b61c1e4589e064bf82	11052	false
data/L6_U4_mu2_dtau_ed_comparison/qmc_L6_U4_energy_doublon_dtau_extrap_vs_ED.dat	AF_QMC/data/L6_U4_mu2_dtau_ed_comparison/qmc_L6_U4_energy_doublon_dtau_extrap_vs_ED.dat	2e56e77f2c93045cc57840054529128fe9e7e775221fc223500905fe93538c60	2e56e77f2c93045cc57840054529128fe9e7e775221fc223500905fe93538c60	8974	false
data/L6_U4_mu2_dtau_ed_comparison/qmc_L6_U4_energy_doublon_residuals_vs_ED.png	AF_QMC/data/L6_U4_mu2_dtau_ed_comparison/qmc_L6_U4_energy_doublon_residuals_vs_ED.png	bfbd647a4b06e8e602556cfe4a0a69c8a29c7928a397e331d879b072dbb09c99	bfbd647a4b06e8e602556cfe4a0a69c8a29c7928a397e331d879b072dbb09c99	80459	false
data/L6_U4_mu2_dtau_ed_comparison/qmc_L6_U4_energy_doublon_vs_ED_dtau_extrap.png	AF_QMC/data/L6_U4_mu2_dtau_ed_comparison/qmc_L6_U4_energy_doublon_vs_ED_dtau_extrap.png	566b420de933051553134fe52738c08a3772eff990d9597f5b90225ad7c339fe	566b420de933051553134fe52738c08a3772eff990d9597f5b90225ad7c339fe	106572	false
data/L6_U4_mu2_dtau_ed_comparison/qmc_L6_U4_scan_n10k_dtau0.05.dat	AF_QMC/data/L6_U4_mu2_dtau_ed_comparison/qmc_L6_U4_scan_n10k_dtau0.05.dat	6901b4a106ab13c95c5d69003ce3ed72621e0100a6d1b99b4211c86d2a4b08e1	6901b4a106ab13c95c5d69003ce3ed72621e0100a6d1b99b4211c86d2a4b08e1	2301	false
data/L6_U4_mu2_dtau_ed_comparison/qmc_L6_U4_scan_n10k_dtau0.1.dat	AF_QMC/data/L6_U4_mu2_dtau_ed_comparison/qmc_L6_U4_scan_n10k_dtau0.1.dat	c5238e10c6e6a94f47434a1dc66b5162b11977d34b459a16bd157724a59eb11f	c5238e10c6e6a94f47434a1dc66b5162b11977d34b459a16bd157724a59eb11f	2302	false
data/L6_U4_mu2_dtau_ed_comparison/qmc_L6_U4_scan_n10k_dtau0.2.dat	AF_QMC/data/L6_U4_mu2_dtau_ed_comparison/qmc_L6_U4_scan_n10k_dtau0.2.dat	58ed636174c8562ff99c1c73155414783b46411185385a09e1b0b090f1c15011	58ed636174c8562ff99c1c73155414783b46411185385a09e1b0b090f1c15011	2035	false
data/L6_U4_mu2_dtau_ed_comparison/qmc_L6_U4_trotter_extrap_panels.png	AF_QMC/data/L6_U4_mu2_dtau_ed_comparison/qmc_L6_U4_trotter_extrap_panels.png	863cca2b351a81f23f71b232d780f87ea81401d766138bf0b27f09262eb6b680	863cca2b351a81f23f71b232d780f87ea81401d766138bf0b27f09262eb6b680	185916	false
data/benchmark_L468_U4_full_diag_20260626/reference/L4_U4_FullDiag.dat	Maintainer-supplied FullDiag reference: L4_U4_FullDiag.dat	3ab078d779d2d06d1d3f00c2c3267079cdf5d3500e02b75d484af8349c0e005b	3ab078d779d2d06d1d3f00c2c3267079cdf5d3500e02b75d484af8349c0e005b	16045	false
data/benchmark_L468_U4_full_diag_20260626/reference/L6_U4_FullDiag.dat	Maintainer-supplied FullDiag reference: L6_U4_FullDiag.dat	65ecf3c3d71e7f22ac2787e4e9b6bf0bf73269d51c47a31ef1f165e74c5b2369	65ecf3c3d71e7f22ac2787e4e9b6bf0bf73269d51c47a31ef1f165e74c5b2369	16104	false
data/benchmark_L468_U4_full_diag_20260626/reference/L8_U4_FullDiag.dat	Maintainer-supplied FullDiag reference: L8_U4_FullDiag.dat	9b18b6408fdd8c687abb968338e342aea1d449a1362fb240459b2525856b40d7	9b18b6408fdd8c687abb968338e342aea1d449a1362fb240459b2525856b40d7	16154	false
jobs/canary/sperp_l4_u4_beta24/analysis/README.md	AF_QMC/jobs/canary/sperp_l4_u4_beta24/analysis/README.md (working tree)	56431de25e7d567317dfa7c86bba5d1423a652160a743049170de1104313cdac	dfa4760f1fedc1b63122901a7c3c427e7a4bbc518739daba440558566c0a61ca	4910	true
jobs/canary/sperp_l4_u4_beta24/analysis/canary_summary.tsv	AF_QMC/jobs/canary/sperp_l4_u4_beta24/analysis/canary_summary.tsv (working tree)	3e36245ca99d696cbc8522ca68aafb06eb4d8a703e351f2ba16c27cd2938ae77	3e36245ca99d696cbc8522ca68aafb06eb4d8a703e351f2ba16c27cd2938ae77	622	false
jobs/production/sperp_l4_u4_ground_state/beta_ladder_dtau0p025/analysis/README.md	AF_QMC/jobs/production/sperp_l4_u4_ground_state/beta_ladder_dtau0p025/analysis/README.md (working tree)	9fb5728ea57adfb17c8e9be6fa34989c1e1d108030bb07494ac676b57cdef485	71deebb9edd2be80e16c4729b212b77c686c82f1c911141fcc3f1136619d1e4a	2579	true
jobs/production/sperp_l4_u4_ground_state/beta_ladder_dtau0p025/analysis/beta_ladder_summary.tsv	AF_QMC/jobs/production/sperp_l4_u4_ground_state/beta_ladder_dtau0p025/analysis/beta_ladder_summary.tsv (working tree)	6b3eb03d02cca09425a20f2ff6fa26f166b12e401805630596723796c537153f	6b3eb03d02cca09425a20f2ff6fa26f166b12e401805630596723796c537153f	588	false
jobs/production/sperp_l4_u4_ground_state/diagnostic_beta24_long/analysis/README.md	AF_QMC/jobs/production/sperp_l4_u4_ground_state/diagnostic_beta24_long/analysis/README.md (working tree)	d37eb4a9285bbdc94b7c2a837db4f3bc74508f25dd6dadf7cf03623442cac666	e99f1403bb8bfdfebb33d7df0462e99bbe631e7f1963bbf1d5badc24fc009c6a	4143	true
jobs/production/sperp_l4_u4_ground_state/diagnostic_beta24_long/analysis/all_q_su2.tsv	AF_QMC/jobs/production/sperp_l4_u4_ground_state/diagnostic_beta24_long/analysis/all_q_su2.tsv (working tree)	8aa393acafbd325ede05261962036dd5c0907cd22fb35d2987985c89740347f2	8aa393acafbd325ede05261962036dd5c0907cd22fb35d2987985c89740347f2	672	false
jobs/production/sperp_l4_u4_ground_state/diagnostic_beta24_long/analysis/canary_long_ed_comparison.tsv	AF_QMC/jobs/production/sperp_l4_u4_ground_state/diagnostic_beta24_long/analysis/canary_long_ed_comparison.tsv (working tree)	9c406147d2877805d0f19913cba27205896f320a809930c0510d6bbc23d4a06f	9c406147d2877805d0f19913cba27205896f320a809930c0510d6bbc23d4a06f	861	false
jobs/production/sperp_l4_u4_ground_state/diagnostic_beta24_long/analysis/diagnostic_summary.tsv	AF_QMC/jobs/production/sperp_l4_u4_ground_state/diagnostic_beta24_long/analysis/diagnostic_summary.tsv (working tree)	ddd8bd3d6cf31acb7f2d27af62caf58b39a3f744cbd60dbd24a5350e2afa6f47	ddd8bd3d6cf31acb7f2d27af62caf58b39a3f744cbd60dbd24a5350e2afa6f47	445	false
jobs/production/sperp_l4_u4_ground_state/diagnostic_beta24_long_sb/analysis/README.md	AF_QMC/jobs/production/sperp_l4_u4_ground_state/diagnostic_beta24_long_sb/analysis/README.md (working tree)	69e9cf5f36ccd9b3374e1db6231e94e5063d5d4e870f84f7270cd7fb3e22aaff	a95fc39ddaa125ff06247e47c1d254416aa2425e2ba158aa64cb254859b7e066	4594	true
jobs/production/sperp_l4_u4_ground_state/diagnostic_beta24_long_sb/analysis/diagnostic_summary.tsv	AF_QMC/jobs/production/sperp_l4_u4_ground_state/diagnostic_beta24_long_sb/analysis/diagnostic_summary.tsv (working tree)	91367bad6d8811e4a2a61036a8a424f82897022c95c0cbb909f2562b4a8c6fc2	91367bad6d8811e4a2a61036a8a424f82897022c95c0cbb909f2562b4a8c6fc2	447	false
jobs/production/sperp_l4_u4_ground_state/diagnostic_beta24_long_sb/analysis/independent_seed_summary.tsv	AF_QMC/jobs/production/sperp_l4_u4_ground_state/diagnostic_beta24_long_sb/analysis/independent_seed_summary.tsv (working tree)	8fafce85543c332bbb7869e5f47f62323d5e0f33d4a37338451635c79703e4b3	8fafce85543c332bbb7869e5f47f62323d5e0f33d4a37338451635c79703e4b3	1206	false
jobs/production/szz_l4_u12_ground_state/diagnostic_lowT_beta24_32/analysis/README.md	AF_QMC/jobs/production/szz_l4_u12_ground_state/diagnostic_lowT_beta24_32/analysis/README.md (working tree)	78bcdf461df8a8aeceade82b9c89a47946233615cb03f34331d80e0a5ef9bcee	2784ec186182ef2587738106e0055538de8f7ead927308f3a8df3908de53fefc	5579	true
jobs/production/szz_l4_u12_ground_state/diagnostic_lowT_beta24_32/analysis/diagnostic_summary.tsv	AF_QMC/jobs/production/szz_l4_u12_ground_state/diagnostic_lowT_beta24_32/analysis/diagnostic_summary.tsv (working tree)	9235f536f52e8da8534ce8324ad3a96880a6aeeb114a3703d184b02d7f823130	9235f536f52e8da8534ce8324ad3a96880a6aeeb114a3703d184b02d7f823130	811	false
jobs/production/szz_l4_u12_ground_state/diagnostic_lowT_beta24_32/analysis/scalar_ed_comparison.tsv	AF_QMC/jobs/production/szz_l4_u12_ground_state/diagnostic_lowT_beta24_32/analysis/scalar_ed_comparison.tsv (working tree)	ef57d94ce873e651ea36aa548d3072f5ce2f9f8e3a6b697e11753907d7674e17	ef57d94ce873e651ea36aa548d3072f5ce2f9f8e3a6b697e11753907d7674e17	633	false
jobs/production/szz_l4_u12_ground_state/phase_a_beta_dtau0p025/analysis/README.md	AF_QMC/jobs/production/szz_l4_u12_ground_state/phase_a_beta_dtau0p025/analysis/README.md (working tree)	cc19a1c4d2803feb937b2145a92d1ed7aaff05e9281cfbe9518e8f3bdb06ae60	cc19a1c4d2803feb937b2145a92d1ed7aaff05e9281cfbe9518e8f3bdb06ae60	3527	false
jobs/production/szz_l4_u12_ground_state/phase_a_beta_dtau0p025/analysis/phase_a_summary.tsv	AF_QMC/jobs/production/szz_l4_u12_ground_state/phase_a_beta_dtau0p025/analysis/phase_a_summary.tsv (working tree)	34c49d7e0c8e9c095f2dba0c50a264c69bfff7e43a12e37dfd6700973961d8f4	34c49d7e0c8e9c095f2dba0c50a264c69bfff7e43a12e37dfd6700973961d8f4	1533	false
jobs/production/szz_l4_u12_ground_state/phase_a_beta_dtau0p025/analysis/recovered_output_hashes.tsv	AF_QMC/jobs/production/szz_l4_u12_ground_state/phase_a_beta_dtau0p025/analysis/recovered_output_hashes.tsv (working tree)	6ac1012fc23b0e6b746b50cf294b3fbbfcdb57fa70a251a20d3b35b9357147a2	6ac1012fc23b0e6b746b50cf294b3fbbfcdb57fa70a251a20d3b35b9357147a2	925	false
