# replica-bin sums; observable mean = sum_sign_O / sum_sign
# sum_sign_Ehub is the total energy (not per site); sum_sign_D is per site
# Szz/Sperp: N^-1 sum_ij exp[-iq.(ri-rj)] <..>; Q is the staggered momentum, 0 is q=0; nan = q not measured
# lattice=square Lx=4 Ly=2 n=8 bc_x=antiperiodic bc_y=periodic U=4 dtau=0.025000000000000001 nwarm=2000 nmeas=40000 nbin=20 global_update=none global_interval=100
# szz_Q_index=6 szz_0_index=0 sperp_Q_index=6
# columns: beta_index	beta_requested	beta_effective	Ltr	replica_id	seed	bin_id	sweep_begin	sweep_end	count	sum_sign	sum_sign_Ehub	sum_sign_D	local_accepted	local_attempts	global_accepted	global_attempts	sum_sign_Szz_Q	sum_sign_Sperp_Q	sum_sign_Szz_0
0	4	4	160	0	13328604408261836289	0	1	2000	2000	2000	-19882.133488002048	259.58864462564037	2060458	2560000	0	0	825.93163374636811	1657.2196460835585	28.864097157937969
0	4	4	160	0	13328604408261836289	1	2001	4000	2000	2000	-20006.217954715845	258.70990883394063	2060109	2560000	0	0	837.44176346014763	1752.0039943654015	30.720391693778598
0	4	4	160	0	13328604408261836289	2	4001	6000	2000	2000	-19714.796587862387	258.96814734485366	2061189	2560000	0	0	803.0659070290435	1630.282832184902	35.779140872120635
0	4	4	160	0	13328604408261836289	3	6001	8000	2000	2000	-20055.332198218774	259.27238408334199	2061465	2560000	0	0	837.21920225979227	1708.2817635803772	32.991533290396099
0	4	4	160	0	13328604408261836289	4	8001	10000	2000	2000	-19970.818213460672	259.90653055878971	2058745	2560000	0	0	849.38722847166696	1648.2898972220173	20.69455689074757
0	4	4	160	0	13328604408261836289	5	10001	12000	2000	2000	-20010.793492054556	262.60737707560401	2060964	2560000	0	0	861.65376920988967	1676.3664253056038	26.261592503716347
0	4	4	160	0	13328604408261836289	6	12001	14000	2000	2000	-19922.561562576582	258.72822277089534	2060140	2560000	0	0	882.7237069782193	1640.6985436708217	24.553824280205262
0	4	4	160	0	13328604408261836289	7	14001	16000	2000	2000	-19944.90048039714	261.73793917813629	2062108	2560000	0	0	830.62879086351597	1709.121055594152	32.100097216826839
0	4	4	160	0	13328604408261836289	8	16001	18000	2000	2000	-20095.041476407725	260.21158353291412	2061006	2560000	0	0	863.40481658911483	1697.9918850185406	29.460099541774916
0	4	4	160	0	13328604408261836289	9	18001	20000	2000	2000	-19990.895843476272	258.58342559968963	2058705	2560000	0	0	872.75037243148108	1640.5957606622053	22.857951327649349
0	4	4	160	0	13328604408261836289	10	20001	22000	2000	2000	-20131.905198501947	259.07399768589642	2060766	2560000	0	0	857.52395702015633	1678.49561578563	25.763718981631886
0	4	4	160	0	13328604408261836289	11	22001	24000	2000	2000	-19914.208819313957	256.98118183834407	2062041	2560000	0	0	853.94264930352938	1651.8971151038729	25.72052462377189
0	4	4	160	0	13328604408261836289	12	24001	26000	2000	2000	-20039.848806609847	258.21682811310927	2058798	2560000	0	0	850.84862305773106	1697.8090491439871	32.081004589991728
0	4	4	160	0	13328604408261836289	13	26001	28000	2000	2000	-20015.316112162091	259.92924596049363	2060639	2560000	0	0	840.80395752497873	1752.4594595674016	21.560947320061768
0	4	4	160	0	13328604408261836289	14	28001	30000	2000	2000	-19844.545429361435	259.39609828700497	2062368	2560000	0	0	846.92516623826964	1662.6445743606521	33.798830113613526
0	4	4	160	0	13328604408261836289	15	30001	32000	2000	2000	-19830.995403568759	258.83143571013818	2059562	2560000	0	0	863.13139661348646	1638.256036221977	25.95446985568806
0	4	4	160	0	13328604408261836289	16	32001	34000	2000	2000	-20282.730052930467	261.81822004369269	2059990	2560000	0	0	856.2927959956055	1731.8921494886313	30.31077888696592
0	4	4	160	0	13328604408261836289	17	34001	36000	2000	2000	-19959.370411189702	258.26553339487884	2061126	2560000	0	0	853.74887872137492	1729.752426736964	32.687051395074604
0	4	4	160	0	13328604408261836289	18	36001	38000	2000	2000	-19814.748230745576	257.97009612346835	2060520	2560000	0	0	869.38272731730501	1645.0355628815919	34.728833717324967
0	4	4	160	0	13328604408261836289	19	38001	40000	2000	2000	-19828.614226761736	259.68985521828716	2060727	2560000	0	0	848.99327120198336	1643.1885149597792	28.859660433180867
