beta,T,dtau,Ltr,phase,region,calls,total_sec,avg_sec,frac_beta,wall_sec,thread_total_sec,nrep,parallel,nranks
0.5,2,0.050000000000000003,10,setup,model_init,8,0.026135000167414546,0.0032668750209268183,0.014736579854961081,0,0.026135000167414546,8,mpi,8
0.5,2,0.050000000000000003,10,setup,field_init,8,3.0000228434801102e-06,3.7500285543501377e-07,1.6916042057184963e-06,0,3.0000228434801102e-06,8,mpi,8
0.5,2,0.050000000000000003,10,setup,dqmc_init,8,0.00078000035136938095,9.7500043921172619e-05,0.00043981394265243284,0,0.00078000035136938095,8,mpi,8
0.5,2,0.050000000000000003,10,setup,green_from_scratch,16,0.00077800033614039421,4.8625021008774638e-05,0.00043868620651528716,0,0.00077800033614039421,8,mpi,8
0.5,2,0.050000000000000003,10,setup,udv_lmul,160,0.0006490012165158987,4.0562576032243672e-06,0.00036594827594751722,0,0.0006490012165158987,8,mpi,8
0.5,2,0.050000000000000003,10,setup,udv_inv_one_plus,16,9.9998898804187775e-05,6.2499311752617359e-06,5.6385756579157813e-05,0,9.9998898804187775e-05,8,mpi,8
0.5,2,0.050000000000000003,10,setup,la_gemm,384,7.8000361099839211e-05,2.0312594036416462e-07,4.3981578063915228e-05,0,7.8000361099839211e-05,8,mpi,8
0.5,2,0.050000000000000003,10,setup,la_inverse,32,4.999898374080658e-05,1.5624682419002056e-06,2.8192615720047556e-05,0,4.999898374080658e-05,8,mpi,8
0.5,2,0.050000000000000003,10,setup,la_expm_sym,16,0.026133000152185559,0.0016333125095115975,0.014735452118823935,0,0.026133000152185559,8,mpi,8
0.5,2,0.050000000000000003,10,warmup,dqmc_sweep,8000,1.0206950004212558,0.00012758687505265697,0.57553293609775336,0,1.0206950004212558,8,mpi,8
0.5,2,0.050000000000000003,10,warmup,green_from_scratch,32000,0.73461199575103819,2.2956624867219943e-05,0.41422109311080424,0,0.73461199575103819,8,mpi,8
0.5,2,0.050000000000000003,10,warmup,green_wrap,160000,0.1368640000000596,8.5540000000037248e-07,0.077172651706540932,0,0.1368640000000596,8,mpi,8
0.5,2,0.050000000000000003,10,warmup,green_update,731776,0.096854995004832745,1.3235606935022841e-07,0.054613023114503917,0,0.096854995004832745,8,mpi,8
0.5,2,0.050000000000000003,10,warmup,udv_lmul,320000,0.58734698756597936,1.8354593361436855e-06,0.33118368966489081,0,0.58734698756597936,8,mpi,8
0.5,2,0.050000000000000003,10,warmup,udv_inv_one_plus,32000,0.096776004647836089,3.024250145244878e-06,0.054568483313616356,0,0.096776004647836089,8,mpi,8
0.5,2,0.050000000000000003,10,warmup,la_gemm,1056000,0.14525698870420456,1.375539665759513e-07,0.081905154001093397,0,0.14525698870420456,8,mpi,8
0.5,2,0.050000000000000003,10,warmup,la_inverse,64000,0.057952008675783873,9.0550013555912297e-07,0.032677038382838142,0,0.057952008675783873,8,mpi,8
0.5,2,0.050000000000000003,10,measurement,dqmc_sweep,80000,12.495718005113304,0.00015619647506391629,7.0458827261466963,0,12.495718005113304,8,mpi,8
0.5,2,0.050000000000000003,10,measurement,green_from_scratch,320000,8.9870641015004367,2.8084575317188865e-05,5.0674798907612546,0,8.9870641015004367,8,mpi,8
0.5,2,0.050000000000000003,10,measurement,green_wrap,1600000,1.6770299237687141,1.0481437023554463e-06,0.94561642366432008,0,1.6770299237687141,8,mpi,8
0.5,2,0.050000000000000003,10,measurement,green_update,7307526,1.1847469743806869,1.6212695984669598e-07,0.66803590143660208,0,1.1847469743806869,8,mpi,8
0.5,2,0.050000000000000003,10,measurement,measure_sample,80000,0.0084239935968071222,1.0529991996008902e-07,0.0047499848303735378,0,0.0084239935968071222,8,mpi,8
0.5,2,0.050000000000000003,10,measurement,udv_lmul,3200000,7.1537680411711335,2.2355525128659793e-06,4.0337506534256127,0,7.1537680411711335,8,mpi,8
0.5,2,0.050000000000000003,10,measurement,udv_inv_one_plus,320000,1.2162350390572101,3.8007344970537815e-06,0.68579088045367964,0,1.2162350390572101,8,mpi,8
0.5,2,0.050000000000000003,10,measurement,la_gemm,10560000,1.7690940240863711,1.6752784318999725e-07,0.99752803481471386,0,1.7690940240863711,8,mpi,8
0.5,2,0.050000000000000003,10,measurement,la_inverse,640000,0.73919902322813869,1.1549984737939668e-06,0.41680755174023532,0,0.73919902322813869,8,mpi,8
0.5,2,0.050000000000000003,10,finalize,jackknife,1,1.0000076144933701e-05,1.0000076144933701e-05,5.6386806857283213e-06,0,1.0000076144933701e-05,8,mpi,8
0.5,2,0.050000000000000003,10,all,beta_total,1,1.773477999959141,1.773477999959141,1,1.773477999959141,1.773477999959141,8,mpi,8
0.5,2,0.050000000000000003,10,all,model_init,8,0.026135000167414546,0.0032668750209268183,0.014736579854961081,0,0.026135000167414546,8,mpi,8
0.5,2,0.050000000000000003,10,all,field_init,8,3.0000228434801102e-06,3.7500285543501377e-07,1.6916042057184963e-06,0,3.0000228434801102e-06,8,mpi,8
0.5,2,0.050000000000000003,10,all,dqmc_init,8,0.00078000035136938095,9.7500043921172619e-05,0.00043981394265243284,0,0.00078000035136938095,8,mpi,8
0.5,2,0.050000000000000003,10,all,dqmc_sweep,88000,13.516413005534559,0.00015359560233561999,7.6214156622444502,0,13.516413005534559,8,mpi,8
0.5,2,0.050000000000000003,10,all,green_from_scratch,352016,9.7224540975876153,2.7619352806655423e-05,5.4821396700785741,0,9.7224540975876153,8,mpi,8
0.5,2,0.050000000000000003,10,all,green_wrap,1760000,1.8138939237687737,1.0306215475958941e-06,1.0227890753708611,0,1.8138939237687737,8,mpi,8
0.5,2,0.050000000000000003,10,all,green_update,8039302,1.2816019693855196,1.5941706996273054e-07,0.72264892455110596,0,1.2816019693855196,8,mpi,8
0.5,2,0.050000000000000003,10,all,measure_sample,80000,0.0084239935968071222,1.0529991996008902e-07,0.0047499848303735378,0,0.0084239935968071222,8,mpi,8
0.5,2,0.050000000000000003,10,all,jackknife,1,1.0000076144933701e-05,1.0000076144933701e-05,5.6386806857283213e-06,0,1.0000076144933701e-05,8,mpi,8
0.5,2,0.050000000000000003,10,all,udv_lmul,3520160,7.7417640299536288,2.1992648146543422e-06,4.3653002913664505,0,7.7417640299536288,8,mpi,8
0.5,2,0.050000000000000003,10,all,udv_inv_one_plus,352016,1.3131110426038504,3.7302595410545271e-06,0.74041574952387512,0,1.3131110426038504,8,mpi,8
0.5,2,0.050000000000000003,10,all,la_gemm,11616384,1.9144290131516755,1.6480421214998362e-07,1.079477170393871,0,1.9144290131516755,8,mpi,8
0.5,2,0.050000000000000003,10,all,la_inverse,704032,0.79720103088766336,1.1323363581309705e-06,0.44951278273879347,0,0.79720103088766336,8,mpi,8
0.5,2,0.050000000000000003,10,all,la_expm_sym,16,0.026133000152185559,0.0016333125095115975,0.014735452118823935,0,0.026133000152185559,8,mpi,8
0.59999999999999998,1.6666666666666665,0.050000000000000003,12,setup,model_init,8,0.00016499939374625683,2.0624924218282104e-05,7.2021378530842962e-05,0,0.00016499939374625683,8,mpi,8
0.59999999999999998,1.6666666666666665,0.050000000000000003,12,setup,field_init,8,4.0000304579734802e-06,5.0000380724668503e-07,1.7459925228067371e-06,0,4.0000304579734802e-06,8,mpi,8
0.59999999999999998,1.6666666666666665,0.050000000000000003,12,setup,dqmc_init,8,0.00053000031039118767,6.6250038798898458e-05,0.00023134238320202276,0,0.00053000031039118767,8,mpi,8
0.59999999999999998,1.6666666666666665,0.050000000000000003,12,setup,green_from_scratch,16,0.0005290003027766943,3.3062518923543394e-05,0.00023090588507132108,0,0.0005290003027766943,8,mpi,8
0.59999999999999998,1.6666666666666665,0.050000000000000003,12,setup,udv_lmul,192,0.00040400028228759766,2.1041681369145713e-06,0.00017634402525107802,0,0.00040400028228759766,8,mpi,8
0.59999999999999998,1.6666666666666665,0.050000000000000003,12,setup,udv_inv_one_plus,16,8.0999685451388359e-05,5.0624803407117724e-06,3.5355942069368955e-05,0,8.0999685451388359e-05,8,mpi,8
0.59999999999999998,1.6666666666666665,0.050000000000000003,12,setup,la_gemm,448,7.0999842137098312e-05,1.5848179048459444e-07,3.0991062391718977e-05,0,7.0999842137098312e-05,8,mpi,8
0.59999999999999998,1.6666666666666665,0.050000000000000003,12,setup,la_inverse,32,5.3999479860067368e-05,1.6874837456271052e-06,2.3570492540423475e-05,0,5.3999479860067368e-05,8,mpi,8
0.59999999999999998,1.6666666666666665,0.050000000000000003,12,setup,la_expm_sym,16,0.00015299930237233639,9.5624563982710242e-06,6.6783400962422743e-05,0,0.00015299930237233639,8,mpi,8
0.59999999999999998,1.6666666666666665,0.050000000000000003,12,warmup,dqmc_sweep,8000,1.6708589997142553,0.00020885737496428191,0.72932127662933299,0,1.6708589997142553,8,mpi,8
0.59999999999999998,1.6666666666666665,0.050000000000000003,12,warmup,green_from_scratch,32000,1.1794589962810278,3.6858093633782116e-05,0.51482772696363976,0,1.1794589962810278,8,mpi,8
0.59999999999999998,1.6666666666666665,0.050000000000000003,12,warmup,green_wrap,192000,0.22920501045882702,1.193776096139724e-06,0.100046796807067,0,0.22920501045882702,8,mpi,8
0.59999999999999998,1.6666666666666665,0.050000000000000003,12,warmup,green_update,858356,0.17597799655050039,2.0501749454829976e-07,0.07681348164317417,0,0.17597799655050039,8,mpi,8
0.59999999999999998,1.6666666666666665,0.050000000000000003,12,warmup,udv_lmul,384000,0.95505702006630599,2.4871276564226718e-06,0.41687742966203928,0,0.95505702006630599,8,mpi,8
0.59999999999999998,1.6666666666666665,0.050000000000000003,12,warmup,udv_inv_one_plus,32000,0.12729798536747694,3.9780620427336544e-06,0.055564909556358622,0,0.12729798536747694,8,mpi,8
0.59999999999999998,1.6666666666666665,0.050000000000000003,12,warmup,la_gemm,1248000,0.24108498683199286,1.9317707278204557e-07,0.10523234480141325,0,0.24108498683199286,8,mpi,8
0.59999999999999998,1.6666666666666665,0.050000000000000003,12,warmup,la_inverse,64000,0.074983987957239151,1.1716248118318618e-06,0.032730121352600457,0,0.074983987957239151,8,mpi,8
0.59999999999999998,1.6666666666666665,0.050000000000000003,12,measurement,dqmc_sweep,80000,15.809771000873297,0.00019762213751091623,6.9008829419754818,0,15.809771000873297,8,mpi,8
0.59999999999999998,1.6666666666666665,0.050000000000000003,12,measurement,green_from_scratch,320000,11.369704988319427,3.553032808849821e-05,4.9628171846924953,0,11.369704988319427,8,mpi,8
0.59999999999999998,1.6666666666666665,0.050000000000000003,12,measurement,green_wrap,1920000,2.1626950390636921,1.1264036661790063e-06,0.94400515370812343,0,2.1626950390636921,8,mpi,8
0.59999999999999998,1.6666666666666665,0.050000000000000003,12,measurement,green_update,8566292,1.4871429249178618,1.736040430232663e-07,0.64913016401555168,0,1.4871429249178618,8,mpi,8
0.59999999999999998,1.6666666666666665,0.050000000000000003,12,measurement,measure_sample,80000,0.010340999579057097,1.2926249473821373e-07,0.0045137926156013815,0,0.010340999579057097,8,mpi,8
0.59999999999999998,1.6666666666666665,0.050000000000000003,12,measurement,udv_lmul,3840000,9.2583629619330168,2.411032021336723e-06,4.0412273543425741,0,9.2583629619330168,8,mpi,8
0.59999999999999998,1.6666666666666665,0.050000000000000003,12,measurement,udv_inv_one_plus,320000,1.313765010330826,4.1055156572838317e-06,0.57345160464724287,0,1.313765010330826,8,mpi,8
0.59999999999999998,1.6666666666666665,0.050000000000000003,12,measurement,la_gemm,12480000,2.2498069929424673,1.8027299622936437e-07,0.98202906920512778,0,2.2498069929424673,8,mpi,8
0.59999999999999998,1.6666666666666665,0.050000000000000003,12,measurement,la_inverse,640000,0.77456603711470962,1.2102594329917338e-06,0.33809405289065797,0,0.77456603711470962,8,mpi,8
0.59999999999999998,1.6666666666666665,0.050000000000000003,12,finalize,jackknife,1,1.1999858543276787e-05,1.1999858543276787e-05,5.2378759390533431e-06,0,1.1999858543276787e-05,8,mpi,8
0.59999999999999998,1.6666666666666665,0.050000000000000003,12,all,beta_total,1,2.2909780000336468,2.2909780000336468,1,2.2909780000336468,2.2909780000336468,8,mpi,8
0.59999999999999998,1.6666666666666665,0.050000000000000003,12,all,model_init,8,0.00016499939374625683,2.0624924218282104e-05,7.2021378530842962e-05,0,0.00016499939374625683,8,mpi,8
0.59999999999999998,1.6666666666666665,0.050000000000000003,12,all,field_init,8,4.0000304579734802e-06,5.0000380724668503e-07,1.7459925228067371e-06,0,4.0000304579734802e-06,8,mpi,8
0.59999999999999998,1.6666666666666665,0.050000000000000003,12,all,dqmc_init,8,0.00053000031039118767,6.6250038798898458e-05,0.00023134238320202276,0,0.00053000031039118767,8,mpi,8
0.59999999999999998,1.6666666666666665,0.050000000000000003,12,all,dqmc_sweep,88000,17.480630000587553,0.00019864352273394947,7.6302042186048142,0,17.480630000587553,8,mpi,8
0.59999999999999998,1.6666666666666665,0.050000000000000003,12,all,green_from_scratch,352016,12.549692984903231,3.5650916392729962e-05,5.4778758175412063,0,12.549692984903231,8,mpi,8
0.59999999999999998,1.6666666666666665,0.050000000000000003,12,all,green_wrap,2112000,2.3919000495225191,1.1325284325390716e-06,1.0440519505151904,0,2.3919000495225191,8,mpi,8
0.59999999999999998,1.6666666666666665,0.050000000000000003,12,all,green_update,9424648,1.6631209214683622,1.7646504373090244e-07,0.72594364565872593,0,1.6631209214683622,8,mpi,8
0.59999999999999998,1.6666666666666665,0.050000000000000003,12,all,measure_sample,80000,0.010340999579057097,1.2926249473821373e-07,0.0045137926156013815,0,0.010340999579057097,8,mpi,8
0.59999999999999998,1.6666666666666665,0.050000000000000003,12,all,jackknife,1,1.1999858543276787e-05,1.1999858543276787e-05,5.2378759390533431e-06,0,1.1999858543276787e-05,8,mpi,8
0.59999999999999998,1.6666666666666665,0.050000000000000003,12,all,udv_lmul,4224192,10.21382398228161,2.4179355441896604e-06,4.4582811280298644,0,10.21382398228161,8,mpi,8
0.59999999999999998,1.6666666666666665,0.050000000000000003,12,all,udv_inv_one_plus,352016,1.4411439953837544,4.0939729881134786e-06,0.62905187014567088,0,1.4411439953837544,8,mpi,8
0.59999999999999998,1.6666666666666665,0.050000000000000003,12,all,la_gemm,13728448,2.4909629796165973,1.8144534470441213e-07,1.0872924050689328,0,2.4909629796165973,8,mpi,8
0.59999999999999998,1.6666666666666665,0.050000000000000003,12,all,la_inverse,704032,0.84960402455180883,1.206769045372666e-06,0.37084774473579885,0,0.84960402455180883,8,mpi,8
0.59999999999999998,1.6666666666666665,0.050000000000000003,12,all,la_expm_sym,16,0.00015299930237233639,9.5624563982710242e-06,6.6783400962422743e-05,0,0.00015299930237233639,8,mpi,8
0.80000000000000004,1.25,0.050000000000000003,16,setup,model_init,8,0.00026499945670366287,3.3124932087957859e-05,7.2790070178321161e-05,0,0.00026499945670366287,8,mpi,8
0.80000000000000004,1.25,0.050000000000000003,16,setup,field_init,8,6.9998204708099365e-06,8.7497755885124207e-07,1.9227111996522885e-06,0,6.9998204708099365e-06,8,mpi,8
0.80000000000000004,1.25,0.050000000000000003,16,setup,dqmc_init,8,0.00064500025473535061,8.0625031841918826e-05,0.00017716871721636346,0,0.00064500025473535061,8,mpi,8
0.80000000000000004,1.25,0.050000000000000003,16,setup,green_from_scratch,16,0.00064300047233700752,4.018752952106297e-05,0.00017661941684070441,0,0.00064300047233700752,8,mpi,8
0.80000000000000004,1.25,0.050000000000000003,16,setup,udv_lmul,256,0.00052400003187358379,2.0468751245061867e-06,0.00014393236713754171,0,0.00052400003187358379,8,mpi,8
0.80000000000000004,1.25,0.050000000000000003,16,setup,udv_inv_one_plus,16,7.300032302737236e-05,4.5625201892107725e-06,2.0051734076363116e-05,0,7.300032302737236e-05,8,mpi,8
0.80000000000000004,1.25,0.050000000000000003,16,setup,la_gemm,576,0.00010700011625885963,1.8576409072718687e-07,2.9390799771640669e-05,0,0.00010700011625885963,8,mpi,8
0.80000000000000004,1.25,0.050000000000000003,16,setup,la_inverse,32,3.6000274121761322e-05,1.1250085663050413e-06,9.8885579327513597e-06,0,3.6000274121761322e-05,8,mpi,8
0.80000000000000004,1.25,0.050000000000000003,16,setup,la_expm_sym,16,0.00026499945670366287,1.656246604397893e-05,7.2790070178321161e-05,0,0.00026499945670366287,8,mpi,8
0.80000000000000004,1.25,0.050000000000000003,16,warmup,dqmc_sweep,8000,2.5338299982249737,0.0003167287497781217,0.69599260951308173,0,2.5338299982249737,8,mpi,8
0.80000000000000004,1.25,0.050000000000000003,16,warmup,green_from_scratch,48000,1.9944830052554607,4.1551729276155431e-05,0.54784473797755984,0,1.9944830052554607,8,mpi,8
0.80000000000000004,1.25,0.050000000000000003,16,warmup,green_wrap,256000,0.26547001604922116,1.0369922501922702e-06,0.072919323453827137,0,0.26547001604922116,8,mpi,8
0.80000000000000004,1.25,0.050000000000000003,16,warmup,green_update,1110154,0.17537699826061726,1.5797537842553128e-07,0.048172566728425258,0,0.17537699826061726,8,mpi,8
0.80000000000000004,1.25,0.050000000000000003,16,warmup,udv_lmul,768000,1.6859450219199061,2.1952409139582109e-06,0.4630955021148348,0,1.6859450219199061,8,mpi,8
0.80000000000000004,1.25,0.050000000000000003,16,warmup,udv_inv_one_plus,48000,0.17509598401375115,3.6478330002864821e-06,0.048095377714512048,0,0.17509598401375115,8,mpi,8
0.80000000000000004,1.25,0.050000000000000003,16,warmup,la_gemm,2192000,0.36469200882129371,1.6637409161555371e-07,0.10017362769637696,0,0.36469200882129371,8,mpi,8
0.80000000000000004,1.25,0.050000000000000003,16,warmup,la_inverse,96000,0.10441299015656114,1.0876353141308452e-06,0.028680167784356784,0,0.10441299015656114,8,mpi,8
0.80000000000000004,1.25,0.050000000000000003,16,measurement,dqmc_sweep,80000,25.866223994409665,0.00032332779993012083,7.1049363014608398,0,25.866223994409665,8,mpi,8
0.80000000000000004,1.25,0.050000000000000003,16,measurement,green_from_scratch,480000,20.327929001068696,4.2349852085559782e-05,5.5836770270150833,0,20.327929001068696,8,mpi,8
0.80000000000000004,1.25,0.050000000000000003,16,measurement,green_wrap,2560000,2.6922540117520839,1.0516617233406578e-06,0.73950852915311716,0,2.6922540117520839,8,mpi,8
0.80000000000000004,1.25,0.050000000000000003,16,measurement,green_update,11064948,1.8282059396151453,1.6522499153318619e-07,0.50217174140784049,0,1.8282059396151453,8,mpi,8
0.80000000000000004,1.25,0.050000000000000003,16,measurement,measure_sample,80000,0.0090319984592497349,1.1289998074062169e-07,0.0024809099983720442,0,0.0090319984592497349,8,mpi,8
0.80000000000000004,1.25,0.050000000000000003,16,measurement,udv_lmul,7680000,17.172923019854352,2.2360576848768687e-06,4.7170597529939284,0,17.172923019854352,8,mpi,8
0.80000000000000004,1.25,0.050000000000000003,16,measurement,udv_inv_one_plus,480000,1.7933490294963121,3.7361438114506502e-06,0.49259724278316375,0,1.7933490294963121,8,mpi,8
0.80000000000000004,1.25,0.050000000000000003,16,measurement,la_gemm,21920000,3.6727079865522683,1.6755054683176405e-07,1.0088196987685563,0,3.6727079865522683,8,mpi,8
0.80000000000000004,1.25,0.050000000000000003,16,measurement,la_inverse,960000,1.0710360289085656,1.1156625301130893e-06,0.29419225487297884,0,1.0710360289085656,8,mpi,8
0.80000000000000004,1.25,0.050000000000000003,16,finalize,jackknife,1,8.9998356997966766e-06,8.9998356997966766e-06,2.4720755292495864e-06,0,8.9998356997966766e-06,8,mpi,8
0.80000000000000004,1.25,0.050000000000000003,16,all,beta_total,1,3.6405990000348538,3.6405990000348538,1,3.6405990000348538,3.6405990000348538,8,mpi,8
0.80000000000000004,1.25,0.050000000000000003,16,all,model_init,8,0.00026499945670366287,3.3124932087957859e-05,7.2790070178321161e-05,0,0.00026499945670366287,8,mpi,8
0.80000000000000004,1.25,0.050000000000000003,16,all,field_init,8,6.9998204708099365e-06,8.7497755885124207e-07,1.9227111996522885e-06,0,6.9998204708099365e-06,8,mpi,8
0.80000000000000004,1.25,0.050000000000000003,16,all,dqmc_init,8,0.00064500025473535061,8.0625031841918826e-05,0.00017716871721636346,0,0.00064500025473535061,8,mpi,8
0.80000000000000004,1.25,0.050000000000000003,16,all,dqmc_sweep,88000,28.400053992634639,0.00032272788627993906,7.800928910973921,0,28.400053992634639,8,mpi,8
0.80000000000000004,1.25,0.050000000000000003,16,all,green_from_scratch,528016,22.323055006796494,4.2277232142201175e-05,6.1316983844094839,0,22.323055006796494,8,mpi,8
0.80000000000000004,1.25,0.050000000000000003,16,all,green_wrap,2816000,2.9577240278013051,1.0503281348726226e-06,0.81242785260694428,0,2.9577240278013051,8,mpi,8
0.80000000000000004,1.25,0.050000000000000003,16,all,green_update,12175102,2.0035829378757626,1.6456395501867357e-07,0.55034430813626578,0,2.0035829378757626,8,mpi,8
0.80000000000000004,1.25,0.050000000000000003,16,all,measure_sample,80000,0.0090319984592497349,1.1289998074062169e-07,0.0024809099983720442,0,0.0090319984592497349,8,mpi,8
0.80000000000000004,1.25,0.050000000000000003,16,all,jackknife,1,8.9998356997966766e-06,8.9998356997966766e-06,2.4720755292495864e-06,0,8.9998356997966766e-06,8,mpi,8
0.80000000000000004,1.25,0.050000000000000003,16,all,udv_lmul,8448256,18.859392041806132,2.232341449147153e-06,5.1802991874759012,0,18.859392041806132,8,mpi,8
0.80000000000000004,1.25,0.050000000000000003,16,all,udv_inv_one_plus,528016,1.9685180138330907,3.7281408401129712e-06,0.54071267223175223,0,1.9685180138330907,8,mpi,8
0.80000000000000004,1.25,0.050000000000000003,16,all,la_gemm,24112576,4.0375069954898208,1.6744403399660911e-07,1.1090227172647049,0,4.0375069954898208,8,mpi,8
0.80000000000000004,1.25,0.050000000000000003,16,all,la_inverse,1056032,1.1754850193392485,1.1131149617996884e-06,0.32288231121526839,0,1.1754850193392485,8,mpi,8
0.80000000000000004,1.25,0.050000000000000003,16,all,la_expm_sym,16,0.00026499945670366287,1.656246604397893e-05,7.2790070178321161e-05,0,0.00026499945670366287,8,mpi,8
1,1,0.050000000000000003,20,setup,model_init,8,0.0001459992490708828,1.824990613386035e-05,3.4887403687803054e-05,0,0.0001459992490708828,8,mpi,8
1,1,0.050000000000000003,20,setup,field_init,8,7.0000533014535904e-06,8.750066626816988e-07,1.6727050784034097e-06,0,7.0000533014535904e-06,8,mpi,8
1,1,0.050000000000000003,20,setup,dqmc_init,8,0.00084700016304850578,0.00010587502038106322,0.00020239581230696501,0,0.00084700016304850578,8,mpi,8
1,1,0.050000000000000003,20,setup,green_from_scratch,16,0.00084600015543401241,5.2875009714625776e-05,0.00020215685443862166,0,0.00084600015543401241,8,mpi,8
1,1,0.050000000000000003,20,setup,udv_lmul,320,0.00071699987165629864,2.2406245989259331e-06,0.0001713314563312022,0,0.00071699987165629864,8,mpi,8
1,1,0.050000000000000003,20,setup,udv_inv_one_plus,16,6.600026972591877e-05,4.1250168578699231e-06,1.577116367437007e-05,0,6.600026972591877e-05,8,mpi,8
1,1,0.050000000000000003,20,setup,la_gemm,704,0.00010600034147500992,1.5056866686791182e-07,2.5329422771813188e-05,0,0.00010600034147500992,8,mpi,8
1,1,0.050000000000000003,20,setup,la_inverse,32,4.0000071749091148e-05,1.2500022421590984e-06,9.5582590974431183e-06,0,4.0000071749091148e-05,8,mpi,8
1,1,0.050000000000000003,20,setup,la_expm_sym,16,0.00014399923384189606,8.9999521151185036e-06,3.440948795111637e-05,0,0.00014399923384189606,8,mpi,8
1,1,0.050000000000000003,20,warmup,dqmc_sweep,8000,3.0377650000154972,0.00037972062500193714,0.72589232162945183,0,3.0377650000154972,8,mpi,8
1,1,0.050000000000000003,20,warmup,green_from_scratch,48000,2.3945459853857756,4.9886374695536991e-05,0.57219124737143812,0,2.3945459853857756,8,mpi,8
1,1,0.050000000000000003,20,warmup,green_wrap,320000,0.31887398543767631,9.9648120449273845e-07,0.076196867629790332,0,0.31887398543767631,8,mpi,8
1,1,0.050000000000000003,20,warmup,green_update,1355502,0.20741102215833962,1.530141764145974e-07,0.049562118335449504,0,0.20741102215833962,8,mpi,8
1,1,0.050000000000000003,20,warmup,udv_lmul,960000,2.0598210052121431,2.1456468804293157e-06,0.49220668866977069,0,2.0598210052121431,8,mpi,8
1,1,0.050000000000000003,20,warmup,udv_inv_one_plus,48000,0.17489899392239749,3.6437290400499477e-06,0.041793172529256489,0,0.17489899392239749,8,mpi,8
1,1,0.050000000000000003,20,warmup,la_gemm,2704000,0.43604900571517646,1.6126072696567176e-07,0.10419654749501321,0,0.43604900571517646,8,mpi,8
1,1,0.050000000000000003,20,warmup,la_inverse,96000,0.10603799414820969,1.1045624390438509e-06,0.025338420105828294,0,0.10603799414820969,8,mpi,8
1,1,0.050000000000000003,20,measurement,dqmc_sweep,80000,30.253655994776636,0.00037817069993470795,7.2292940986926775,0,30.253655994776636,8,mpi,8
1,1,0.050000000000000003,20,measurement,green_from_scratch,480000,23.8386190389283,4.9663789664433956e-05,5.6963822147267607,0,23.8386190389283,8,mpi,8
1,1,0.050000000000000003,20,measurement,green_wrap,3200000,3.1685660395305604,9.9017688735330017e-07,0.7571480212127476,0,3.1685660395305604,8,mpi,8
1,1,0.050000000000000003,20,measurement,green_update,13560252,2.0800159268546849,1.5339065430750733e-07,0.49703238735158273,0,2.0800159268546849,8,mpi,8
1,1,0.050000000000000003,20,measurement,measure_sample,80000,0.0089079993776977062,1.1134999222122133e-07,0.0021286203341330592,0,0.0089079993776977062,8,mpi,8
1,1,0.050000000000000003,20,measurement,udv_lmul,9600000,20.522936050547287,2.1378058385986756e-06,4.9040797087031232,0,20.522936050547287,8,mpi,8
1,1,0.050000000000000003,20,measurement,udv_inv_one_plus,480000,1.7338950436096638,3.6122813408534664e-06,0.41432470867930787,0,1.7338950436096638,8,mpi,8
1,1,0.050000000000000003,20,measurement,la_gemm,27040000,4.346766016446054,1.6075318108158484e-07,1.0386860324093317,0,4.346766016446054,8,mpi,8
1,1,0.050000000000000003,20,measurement,la_inverse,960000,1.0503519976045936,1.0941166641714517e-06,0.25098796321158529,0,1.0503519976045936,8,mpi,8
1,1,0.050000000000000003,20,finalize,jackknife,1,1.2000091373920441e-05,1.2000091373920441e-05,2.867494420120131e-06,0,1.2000091373920441e-05,8,mpi,8
1,1,0.050000000000000003,20,all,beta_total,1,4.1848699999973178,4.1848699999973178,1,4.1848699999973178,4.1848699999973178,8,mpi,8
1,1,0.050000000000000003,20,all,model_init,8,0.0001459992490708828,1.824990613386035e-05,3.4887403687803054e-05,0,0.0001459992490708828,8,mpi,8
1,1,0.050000000000000003,20,all,field_init,8,7.0000533014535904e-06,8.750066626816988e-07,1.6727050784034097e-06,0,7.0000533014535904e-06,8,mpi,8
1,1,0.050000000000000003,20,all,dqmc_init,8,0.00084700016304850578,0.00010587502038106322,0.00020239581230696501,0,0.00084700016304850578,8,mpi,8
1,1,0.050000000000000003,20,all,dqmc_sweep,88000,33.291420994792134,0.00037831160221354698,7.9551864203221294,0,33.291420994792134,8,mpi,8
1,1,0.050000000000000003,20,all,green_from_scratch,528016,26.23401102446951,4.9684121360847987e-05,6.2687756189526374,0,26.23401102446951,8,mpi,8
1,1,0.050000000000000003,20,all,green_wrap,3520000,3.4874400249682367,9.9075000709324914e-07,0.83334488884253799,0,3.4874400249682367,8,mpi,8
1,1,0.050000000000000003,20,all,green_update,14915754,2.2874269490130246,1.5335644104971324e-07,0.54659450568703227,0,2.2874269490130246,8,mpi,8
1,1,0.050000000000000003,20,all,measure_sample,80000,0.0089079993776977062,1.1134999222122133e-07,0.0021286203341330592,0,0.0089079993776977062,8,mpi,8
1,1,0.050000000000000003,20,all,jackknife,1,1.2000091373920441e-05,1.2000091373920441e-05,2.867494420120131e-06,0,1.2000091373920441e-05,8,mpi,8
1,1,0.050000000000000003,20,all,udv_lmul,10560320,22.583474055631086,2.1385217546088645e-06,5.3964577288292253,0,22.583474055631086,8,mpi,8
1,1,0.050000000000000003,20,all,udv_inv_one_plus,528016,1.9088600378017873,3.6151556729375383e-06,0.45613365237223874,0,1.9088600378017873,8,mpi,8
1,1,0.050000000000000003,20,all,la_gemm,29744704,4.7829210225027055,1.6079907947655842e-07,1.1429079093271168,0,4.7829210225027055,8,mpi,8
1,1,0.050000000000000003,20,all,la_inverse,1056032,1.1564299918245524,1.0950709749558274e-06,0.27633594157651098,0,1.1564299918245524,8,mpi,8
1,1,0.050000000000000003,20,all,la_expm_sym,16,0.00014399923384189606,8.9999521151185036e-06,3.440948795111637e-05,0,0.00014399923384189606,8,mpi,8
1.2,0.83333333333333326,0.050000000000000003,24,setup,model_init,8,0.00017400109209120274,2.1750136511400342e-05,2.7968143534945638e-05,0,0.00017400109209120274,8,mpi,8
1.2,0.83333333333333326,0.050000000000000003,24,setup,field_init,8,6.0000456869602203e-06,7.5000571087002754e-07,9.644200330718453e-07,0,6.0000456869602203e-06,8,mpi,8
1.2,0.83333333333333326,0.050000000000000003,24,setup,dqmc_init,8,0.0010409990791231394,0.00013012488489039242,0.00016732545362072588,0,0.0010409990791231394,8,mpi,8
1.2,0.83333333333333326,0.050000000000000003,24,setup,green_from_scratch,16,0.0010369990486651659,6.4812440541572869e-05,0.00016668250693201132,0,0.0010369990486651659,8,mpi,8
1.2,0.83333333333333326,0.050000000000000003,24,setup,udv_lmul,384,0.00091599882580339909,2.3854136088630185e-06,0.0001472334818708094,0,0.00091599882580339909,8,mpi,8
1.2,0.83333333333333326,0.050000000000000003,24,setup,udv_inv_one_plus,16,6.4999796450138092e-05,4.0624872781336308e-06,1.0447771419198029e-05,0,6.4999796450138092e-05,8,mpi,8
1.2,0.83333333333333326,0.050000000000000003,24,setup,la_gemm,832,0.0001509995199739933,1.8148980766104964e-07,2.427097553000964e-05,0,0.0001509995199739933,8,mpi,8
1.2,0.83333333333333326,0.050000000000000003,24,setup,la_inverse,32,3.8000056520104408e-05,1.1875017662532628e-06,6.1079561186504773e-06,0,3.8000056520104408e-05,8,mpi,8
1.2,0.83333333333333326,0.050000000000000003,24,setup,la_expm_sym,16,0.00016600103117525578,1.0375064448453486e-05,2.6682250157516514e-05,0,0.00016600103117525578,8,mpi,8
1.2,0.83333333333333326,0.050000000000000003,24,warmup,dqmc_sweep,8000,4.4649010004941374,0.00055811262506176714,0.71766786374932146,0,4.4649010004941374,8,mpi,8
1.2,0.83333333333333326,0.050000000000000003,24,warmup,green_from_scratch,64000,3.7144589985255152,5.8038421851961175e-05,0.59704523217003647,0,3.7144589985255152,8,mpi,8
1.2,0.83333333333333326,0.050000000000000003,24,warmup,green_wrap,384000,0.36974499491043389,9.6287759091258816e-07,0.059431127498685343,0,0.36974499491043389,8,mpi,8
1.2,0.83333333333333326,0.050000000000000003,24,warmup,green_update,1608122,0.24495698628015816,1.5232487726687288e-07,0.039373270994070675,0,0.24495698628015816,8,mpi,8
1.2,0.83333333333333326,0.050000000000000003,24,warmup,udv_lmul,1536000,3.2464079901110381,2.1135468685618737e-06,0.52181284352416102,0,3.2464079901110381,8,mpi,8
1.2,0.83333333333333326,0.050000000000000003,24,warmup,udv_inv_one_plus,64000,0.22692700102925301,3.545734391082078e-06,0.036475213232651814,0,0.22692700102925301,8,mpi,8
1.2,0.83333333333333326,0.050000000000000003,24,warmup,la_gemm,4032000,0.64173299889080226,1.591599699629966e-07,0.10314924123971346,0,0.64173299889080226,8,mpi,8
1.2,0.83333333333333326,0.050000000000000003,24,warmup,la_inverse,128000,0.13753000437282026,1.0744531591626583e-06,0.022105946902014933,0,0.13753000437282026,8,mpi,8
1.2,0.83333333333333326,0.050000000000000003,24,measurement,dqmc_sweep,80000,44.881459996337071,0.0005610182499542134,7.2140415910581508,0,44.881459996337071,8,mpi,8
1.2,0.83333333333333326,0.050000000000000003,24,measurement,green_from_scratch,640000,37.267776035238057,5.8230900055059464e-05,5.9902526866637009,0,37.267776035238057,8,mpi,8
1.2,0.83333333333333326,0.050000000000000003,24,measurement,green_wrap,3840000,3.7835349813103676,9.8529556804957486e-07,0.60814819122693464,0,3.7835349813103676,8,mpi,8
1.2,0.83333333333333326,0.050000000000000003,24,measurement,green_update,16100712,2.4535289227496833,1.5238636171802113e-07,0.39436907121615167,0,2.4535289227496833,8,mpi,8
1.2,0.83333333333333326,0.050000000000000003,24,measurement,measure_sample,80000,0.010001000948250294,1.2501251185312868e-07,0.0016075153704620535,0,0.010001000948250294,8,mpi,8
1.2,0.83333333333333326,0.050000000000000003,24,measurement,udv_lmul,15360000,32.513027935288846,2.1167335895370343e-06,5.2259961194567133,0,32.513027935288846,8,mpi,8
1.2,0.83333333333333326,0.050000000000000003,24,measurement,udv_inv_one_plus,640000,2.3014510406646878,3.5960172510385747e-06,0.36992476466884389,0,2.3014510406646878,8,mpi,8
1.2,0.83333333333333326,0.050000000000000003,24,measurement,la_gemm,40320000,6.4352568914182484,1.59604585600651e-07,1.0343739011080224,0,6.4352568914182484,8,mpi,8
1.2,0.83333333333333326,0.050000000000000003,24,measurement,la_inverse,1280000,1.3957320572808385,1.0904156697506552e-06,0.22434361787737922,0,1.3957320572808385,8,mpi,8
1.2,0.83333333333333326,0.050000000000000003,24,finalize,jackknife,1,9.0000685304403305e-06,9.0000685304403305e-06,1.4466300496077681e-06,0,9.0000685304403305e-06,8,mpi,8
1.2,0.83333333333333326,0.050000000000000003,24,all,beta_total,1,6.2214029999449849,6.2214029999449849,1,6.2214029999449849,6.2214029999449849,8,mpi,8
1.2,0.83333333333333326,0.050000000000000003,24,all,model_init,8,0.00017400109209120274,2.1750136511400342e-05,2.7968143534945638e-05,0,0.00017400109209120274,8,mpi,8
1.2,0.83333333333333326,0.050000000000000003,24,all,field_init,8,6.0000456869602203e-06,7.5000571087002754e-07,9.644200330718453e-07,0,6.0000456869602203e-06,8,mpi,8
1.2,0.83333333333333326,0.050000000000000003,24,all,dqmc_init,8,0.0010409990791231394,0.00013012488489039242,0.00016732545362072588,0,0.0010409990791231394,8,mpi,8
1.2,0.83333333333333326,0.050000000000000003,24,all,dqmc_sweep,88000,49.346360996831208,0.00056075410223671823,7.9317094548074722,0,49.346360996831208,8,mpi,8
1.2,0.83333333333333326,0.050000000000000003,24,all,green_from_scratch,704016,40.983272032812238,5.821355201133531e-05,6.5874646013406695,0,40.983272032812238,8,mpi,8
1.2,0.83333333333333326,0.050000000000000003,24,all,green_wrap,4224000,4.1532799762208015,9.8325757012803073e-07,0.66757931872562004,0,4.1532799762208015,8,mpi,8
1.2,0.83333333333333326,0.050000000000000003,24,all,green_update,17708834,2.6984859090298414,1.5238077837478411e-07,0.43374234221022234,0,2.6984859090298414,8,mpi,8
1.2,0.83333333333333326,0.050000000000000003,24,all,measure_sample,80000,0.010001000948250294,1.2501251185312868e-07,0.0016075153704620535,0,0.010001000948250294,8,mpi,8
1.2,0.83333333333333326,0.050000000000000003,24,all,jackknife,1,9.0000685304403305e-06,9.0000685304403305e-06,1.4466300496077681e-06,0,9.0000685304403305e-06,8,mpi,8
1.2,0.83333333333333326,0.050000000000000003,24,all,udv_lmul,16896384,35.760351924225688,2.1164500004394838e-06,5.747956196462745,0,35.760351924225688,8,mpi,8
1.2,0.83333333333333326,0.050000000000000003,24,all,udv_inv_one_plus,704016,2.5284430414903909,3.5914567871900508e-06,0.40641042567291485,0,2.5284430414903909,8,mpi,8
1.2,0.83333333333333326,0.050000000000000003,24,all,la_gemm,44352832,7.0771408898290247,1.5956457729303564e-07,1.1375474133232659,0,7.0771408898290247,8,mpi,8
1.2,0.83333333333333326,0.050000000000000003,24,all,la_inverse,1408032,1.5333000617101789,1.0889667718561643e-06,0.2464556727355128,0,1.5333000617101789,8,mpi,8
1.2,0.83333333333333326,0.050000000000000003,24,all,la_expm_sym,16,0.00016600103117525578,1.0375064448453486e-05,2.6682250157516514e-05,0,0.00016600103117525578,8,mpi,8
1.6000000000000001,0.625,0.050000000000000003,32,setup,model_init,8,0.00014100107364356518,1.7625134205445647e-05,1.4267988801002616e-05,0,0.00014100107364356518,8,mpi,8
1.6000000000000001,0.625,0.050000000000000003,32,setup,field_init,8,1.0000076144933701e-05,1.2500095181167126e-06,1.0119140993618876e-06,0,1.0000076144933701e-05,8,mpi,8
1.6000000000000001,0.625,0.050000000000000003,32,setup,dqmc_init,8,0.0011969995684921741,0.00014962494606152177,0.00012112515172206791,0,0.0011969995684921741,8,mpi,8
1.6000000000000001,0.625,0.050000000000000003,32,setup,green_from_scratch,16,0.0011969995684921741,7.4812473030760884e-05,0.00012112515172206791,0,0.0011969995684921741,8,mpi,8
1.6000000000000001,0.625,0.050000000000000003,32,setup,udv_lmul,512,0.0010629997123032808,2.0761713130923454e-06,0.00010756562059202715,0,0.0010629997123032808,8,mpi,8
1.6000000000000001,0.625,0.050000000000000003,32,setup,udv_inv_one_plus,16,6.0000456869602203e-05,3.7500285543501377e-06,6.0714845961713258e-06,0,6.0000456869602203e-05,8,mpi,8
1.6000000000000001,0.625,0.050000000000000003,32,setup,la_gemm,1088,0.00017000036314129829,1.5625033376957563e-07,1.7202445448025256e-05,0,0.00017000036314129829,8,mpi,8
1.6000000000000001,0.625,0.050000000000000003,32,setup,la_inverse,32,3.4000258892774582e-05,1.0625080903992057e-06,3.4405079378304178e-06,0,3.4000258892774582e-05,8,mpi,8
1.6000000000000001,0.625,0.050000000000000003,32,setup,la_expm_sym,16,0.00013900105841457844,8.6875661509111524e-06,1.4065605981130236e-05,0,0.00013900105841457844,8,mpi,8
1.6000000000000001,0.625,0.050000000000000003,32,warmup,dqmc_sweep,8000,7.0998959981370717,0.00088748699976713393,0.71844301587221338,0,7.0998959981370717,8,mpi,8
1.6000000000000001,0.625,0.050000000000000003,32,warmup,green_from_scratch,80000,6.0923410099931061,7.615426262491383e-05,0.61648788237037366,0,6.0923410099931061,8,mpi,8
1.6000000000000001,0.625,0.050000000000000003,32,warmup,green_wrap,512000,0.5020460004452616,9.8055859461965153e-07,0.05080235580367902,0,0.5020460004452616,8,mpi,8
1.6000000000000001,0.625,0.050000000000000003,32,warmup,green_update,2128236,0.32327500265091658,1.518980990129462e-07,0.032712404226986298,0,0.32327500265091658,8,mpi,8
1.6000000000000001,0.625,0.050000000000000003,32,warmup,udv_lmul,2560000,5.3961370040196925,2.1078660171951924e-06,0.54603855383864619,0,5.3961370040196925,8,mpi,8
1.6000000000000001,0.625,0.050000000000000003,32,warmup,udv_inv_one_plus,80000,0.29283100529573858,3.660387566196732e-06,0.029631756668092653,0,0.29283100529573858,8,mpi,8
1.6000000000000001,0.625,0.050000000000000003,32,warmup,la_gemm,6384000,1.0153159953188151,1.590407260837743e-07,0.10274047478041168,0,1.0153159953188151,8,mpi,8
1.6000000000000001,0.625,0.050000000000000003,32,warmup,la_inverse,160000,0.17674900102429092,1.1046812564018182e-06,0.01788534443062428,0,0.17674900102429092,8,mpi,8
1.6000000000000001,0.625,0.050000000000000003,32,measurement,dqmc_sweep,80000,71.285964000271633,0.00089107455000339542,7.2134722789110386,0,71.285964000271633,8,mpi,8
1.6000000000000001,0.625,0.050000000000000003,32,measurement,green_from_scratch,800000,61.095447977306321,7.6369309971632902e-05,6.1822874465199247,0,61.095447977306321,8,mpi,8
1.6000000000000001,0.625,0.050000000000000003,32,measurement,green_wrap,5120000,5.0814359555952251,9.924679600771925e-07,0.51419375352219832,0,5.0814359555952251,8,mpi,8
1.6000000000000001,0.625,0.050000000000000003,32,measurement,green_update,21267168,3.2718351278454065,1.5384442008665218e-07,0.33107908866590147,0,3.2718351278454065,8,mpi,8
1.6000000000000001,0.625,0.050000000000000003,32,measurement,measure_sample,80000,0.009914998896420002,1.2393748620525003e-07,0.0010033050781846295,0,0.009914998896420002,8,mpi,8
1.6000000000000001,0.625,0.050000000000000003,32,measurement,udv_lmul,25600000,54.202591966837645,2.1172887487045953e-06,5.4847949393855373,0,54.202591966837645,8,mpi,8
1.6000000000000001,0.625,0.050000000000000003,32,measurement,udv_inv_one_plus,800000,2.9106130271684378,3.6382662839605474e-06,0.29452679332549764,0,2.9106130271684378,8,mpi,8
1.6000000000000001,0.625,0.050000000000000003,32,measurement,la_gemm,63840000,10.213204128434882,1.5998126767598499e-07,1.0334806562908241,0,10.213204128434882,8,mpi,8
1.6000000000000001,0.625,0.050000000000000003,32,measurement,la_inverse,1600000,1.7565630001481622,1.0978518750926014e-06,0.17774773316779854,0,1.7565630001481622,8,mpi,8
1.6000000000000001,0.625,0.050000000000000003,32,finalize,jackknife,1,9.9998433142900467e-06,9.9998433142900467e-06,1.0118905390801796e-06,0,9.9998433142900467e-06,8,mpi,8
1.6000000000000001,0.625,0.050000000000000003,32,all,beta_total,1,9.8823369999881834,9.8823369999881834,1,9.8823369999881834,9.8823369999881834,8,mpi,8
1.6000000000000001,0.625,0.050000000000000003,32,all,model_init,8,0.00014100107364356518,1.7625134205445647e-05,1.4267988801002616e-05,0,0.00014100107364356518,8,mpi,8
1.6000000000000001,0.625,0.050000000000000003,32,all,field_init,8,1.0000076144933701e-05,1.2500095181167126e-06,1.0119140993618876e-06,0,1.0000076144933701e-05,8,mpi,8
1.6000000000000001,0.625,0.050000000000000003,32,all,dqmc_init,8,0.0011969995684921741,0.00014962494606152177,0.00012112515172206791,0,0.0011969995684921741,8,mpi,8
1.6000000000000001,0.625,0.050000000000000003,32,all,dqmc_sweep,88000,78.385859998408705,0.00089074840907282619,7.9319152947832512,0,78.385859998408705,8,mpi,8
1.6000000000000001,0.625,0.050000000000000003,32,all,green_from_scratch,880016,67.18898598686792,7.6349732262672411e-05,6.7988964540420209,0,67.18898598686792,8,mpi,8
1.6000000000000001,0.625,0.050000000000000003,32,all,green_wrap,5632000,5.5834819560404867,9.9138529049014318e-07,0.5649961093258774,0,5.5834819560404867,8,mpi,8
1.6000000000000001,0.625,0.050000000000000003,32,all,green_update,23395404,3.5951101304963231,1.5366736691088229e-07,0.36379149289288776,0,3.5951101304963231,8,mpi,8
1.6000000000000001,0.625,0.050000000000000003,32,all,measure_sample,80000,0.009914998896420002,1.2393748620525003e-07,0.0010033050781846295,0,0.009914998896420002,8,mpi,8
1.6000000000000001,0.625,0.050000000000000003,32,all,jackknife,1,9.9998433142900467e-06,9.9998433142900467e-06,1.0118905390801796e-06,0,9.9998433142900467e-06,8,mpi,8
1.6000000000000001,0.625,0.050000000000000003,32,all,udv_lmul,28160512,59.59979197056964,2.1164314047475288e-06,6.0309410588447756,0,59.59979197056964,8,mpi,8
1.6000000000000001,0.625,0.050000000000000003,32,all,udv_inv_one_plus,880016,3.203504032921046,3.6402793050592787e-06,0.32416462147818642,0,3.203504032921046,8,mpi,8
1.6000000000000001,0.625,0.050000000000000003,32,all,la_gemm,70225088,11.228690124116838,1.5989570741608523e-07,1.1362383335166839,0,11.228690124116838,8,mpi,8
1.6000000000000001,0.625,0.050000000000000003,32,all,la_inverse,1760032,1.9333460014313459,1.098472074048282e-06,0.19563651810636065,0,1.9333460014313459,8,mpi,8
1.6000000000000001,0.625,0.050000000000000003,32,all,la_expm_sym,16,0.00013900105841457844,8.6875661509111524e-06,1.4065605981130236e-05,0,0.00013900105841457844,8,mpi,8
2,0.5,0.050000000000000003,40,setup,model_init,8,0.00014199921861290932,1.7749902326613665e-05,9.9443852719743171e-06,0,0.00014199921861290932,8,mpi,8
2,0.5,0.050000000000000003,40,setup,field_init,8,1.3000098988413811e-05,1.6250123735517263e-06,9.1041341056251208e-07,0,1.3000098988413811e-05,8,mpi,8
2,0.5,0.050000000000000003,40,setup,dqmc_init,8,0.001462999964132905,0.00018287499551661313,0.00010245574192828397,0,0.001462999964132905,8,mpi,8
2,0.5,0.050000000000000003,40,setup,green_from_scratch,16,0.0014609999489039183,9.1312496806494892e-05,0.00010231567832665896,0,0.0014609999489039183,8,mpi,8
2,0.5,0.050000000000000003,40,setup,udv_lmul,640,0.0012910000514239073,2.0171875803498553e-06,9.0410370021084421e-05,0,0.0012910000514239073,8,mpi,8
2,0.5,0.050000000000000003,40,setup,udv_inv_one_plus,16,6.5999804064631462e-05,4.1249877540394664e-06,4.6220499373497553e-06,0,6.5999804064631462e-05,8,mpi,8
2,0.5,0.050000000000000003,40,setup,la_gemm,1344,0.00022500008344650269,1.6741077637388593e-07,1.5757041044836995e-05,0,0.00022500008344650269,8,mpi,8
2,0.5,0.050000000000000003,40,setup,la_inverse,32,3.9999838918447495e-05,1.2499949662014842e-06,2.8012394216498332e-06,0,3.9999838918447495e-05,8,mpi,8
2,0.5,0.050000000000000003,40,setup,la_expm_sym,16,0.00013799918815493584,8.6249492596834898e-06,9.664258068724313e-06,0,0.00013799918815493584,8,mpi,8
2,0.5,0.050000000000000003,40,warmup,dqmc_sweep,8000,10.490335001377389,0.0013112918751721737,0.73465145727421721,0,10.490335001377389,8,mpi,8
2,0.5,0.050000000000000003,40,warmup,green_from_scratch,96000,9.1869190074503422,9.5697072994274391e-05,0.6433715830616874,0,9.1869190074503422,8,mpi,8
2,0.5,0.050000000000000003,40,warmup,green_wrap,640000,0.65421898989006877,1.0222171717032324e-06,0.045815785123744783,0,0.65421898989006877,8,mpi,8
2,0.5,0.050000000000000003,40,warmup,green_update,2656682,0.41408399259671569,1.5586509510611946e-07,0.028998826877803301,0,0.41408399259671569,8,mpi,8
2,0.5,0.050000000000000003,40,warmup,udv_lmul,3840000,8.2339909623842686,2.14426847978757e-06,0.57663682417235329,0,8.2339909623842686,8,mpi,8
2,0.5,0.050000000000000003,40,warmup,udv_inv_one_plus,96000,0.35659902030602098,3.7145731281877185e-06,0.024973081402641463,0,0.35659902030602098,8,mpi,8
2,0.5,0.050000000000000003,40,warmup,la_gemm,9248000,1.5201339914929122,1.643743502911886e-07,0.10645691028510604,0,1.5201339914929122,8,mpi,8
2,0.5,0.050000000000000003,40,warmup,la_inverse,192000,0.21590401488356292,1.1245000775185569e-06,0.015120031833562763,0,0.21590401488356292,8,mpi,8
2,0.5,0.050000000000000003,40,measurement,dqmc_sweep,80000,103.28182100504637,0.0012910227625630797,7.2329568408758709,0,103.28182100504637,8,mpi,8
2,0.5,0.050000000000000003,40,measurement,green_from_scratch,960000,90.605611996492371,9.4380845829679559e-05,6.3452258561528847,0,90.605611996492371,8,mpi,8
2,0.5,0.050000000000000003,40,measurement,green_wrap,6400000,6.3510179829318076,9.9234655983309505e-07,0.44476983964029665,0,6.3510179829318076,8,mpi,8
2,0.5,0.050000000000000003,40,measurement,green_update,26572012,4.0501700660679489,1.5242240843741712e-07,0.28363854355981488,0,4.0501700660679489,8,mpi,8
2,0.5,0.050000000000000003,40,measurement,measure_sample,80000,0.010815001092851162,1.3518751366063952e-07,0.00075738823519383696,0,0.010815001092851162,8,mpi,8
2,0.5,0.050000000000000003,40,measurement,udv_lmul,38400000,81.209753124741837,2.1148373209568185e-06,5.6872219495504659,0,81.209753124741837,8,mpi,8
2,0.5,0.050000000000000003,40,measurement,udv_inv_one_plus,960000,3.5152339730411768,3.6617020552512257e-06,0.24617629090162102,0,3.5152339730411768,8,mpi,8
2,0.5,0.050000000000000003,40,measurement,la_gemm,92480000,14.795493037439883,1.5998586761937588e-07,1.0361471315852704,0,14.795493037439883,8,mpi,8
2,0.5,0.050000000000000003,40,measurement,la_inverse,1920000,2.1150860392954201,1.1016073121330312e-06,0.14812215633006104,0,2.1150860392954201,8,mpi,8
2,0.5,0.050000000000000003,40,finalize,jackknife,1,1.1999858543276787e-05,1.1999858543276787e-05,8.403653043249093e-07,0,1.1999858543276787e-05,8,mpi,8
2,0.5,0.050000000000000003,40,all,beta_total,1,14.27933600009419,14.27933600009419,1,14.27933600009419,14.27933600009419,8,mpi,8
2,0.5,0.050000000000000003,40,all,model_init,8,0.00014199921861290932,1.7749902326613665e-05,9.9443852719743171e-06,0,0.00014199921861290932,8,mpi,8
2,0.5,0.050000000000000003,40,all,field_init,8,1.3000098988413811e-05,1.6250123735517263e-06,9.1041341056251208e-07,0,1.3000098988413811e-05,8,mpi,8
2,0.5,0.050000000000000003,40,all,dqmc_init,8,0.001462999964132905,0.00018287499551661313,0.00010245574192828397,0,0.001462999964132905,8,mpi,8
2,0.5,0.050000000000000003,40,all,dqmc_sweep,88000,113.77215600642376,0.0012928654091639063,7.967608298150088,0,113.77215600642376,8,mpi,8
2,0.5,0.050000000000000003,40,all,green_from_scratch,1056016,99.793992003891617,9.4500454542252788e-05,6.9886997548928989,0,99.793992003891617,8,mpi,8
2,0.5,0.050000000000000003,40,all,green_wrap,7040000,7.0052369728218764,9.950620700031074e-07,0.49058562476404138,0,7.0052369728218764,8,mpi,8
2,0.5,0.050000000000000003,40,all,green_update,29228694,4.4642540586646646,1.5273532435847679e-07,0.31263737043761819,0,4.4642540586646646,8,mpi,8
2,0.5,0.050000000000000003,40,all,measure_sample,80000,0.010815001092851162,1.3518751366063952e-07,0.00075738823519383696,0,0.010815001092851162,8,mpi,8
2,0.5,0.050000000000000003,40,all,jackknife,1,1.1999858543276787e-05,1.1999858543276787e-05,8.403653043249093e-07,0,1.1999858543276787e-05,8,mpi,8
2,0.5,0.050000000000000003,40,all,udv_lmul,42240640,89.44503508717753,2.117511360793244e-06,6.2639491840928407,0,89.44503508717753,8,mpi,8
2,0.5,0.050000000000000003,40,all,udv_inv_one_plus,1056016,3.8718989931512624,3.666515462977135e-06,0.27115399435419985,0,3.8718989931512624,8,mpi,8
2,0.5,0.050000000000000003,40,all,la_gemm,101729344,16.315852029016241,1.6038491341314696e-07,1.1426197989114213,0,16.315852029016241,8,mpi,8
2,0.5,0.050000000000000003,40,all,la_inverse,2112032,2.3310300540179014,1.1036906893540919e-06,0.16324498940304544,0,2.3310300540179014,8,mpi,8
2,0.5,0.050000000000000003,40,all,la_expm_sym,16,0.00013799918815493584,8.6249492596834898e-06,9.664258068724313e-06,0,0.00013799918815493584,8,mpi,8
2.3999999999999999,0.41666666666666663,0.050000000000000003,48,setup,model_init,8,0.00013900105841457844,1.7375132301822305e-05,7.122751509965205e-06,0,0.00013900105841457844,8,mpi,8
2.3999999999999999,0.41666666666666663,0.050000000000000003,48,setup,field_init,8,1.5000114217400551e-05,1.8750142771750689e-06,7.6864224927682073e-07,0,1.5000114217400551e-05,8,mpi,8
2.3999999999999999,0.41666666666666663,0.050000000000000003,48,setup,dqmc_init,8,0.0019069991540163755,0.00023837489425204694,9.7719263858122638e-05,0,0.0019069991540163755,8,mpi,8
2.3999999999999999,0.41666666666666663,0.050000000000000003,48,setup,green_from_scratch,16,0.0019069991540163755,0.00011918744712602347,9.7719263858122638e-05,0,0.0019069991540163755,8,mpi,8
2.3999999999999999,0.41666666666666663,0.050000000000000003,48,setup,udv_lmul,768,0.0017089999746531248,2.2252603836629228e-06,8.7573305475739888e-05,0,0.0017089999746531248,8,mpi,8
2.3999999999999999,0.41666666666666663,0.050000000000000003,48,setup,udv_inv_one_plus,16,7.0999143645167351e-05,4.4374464778229594e-06,3.6381683950675115e-06,0,7.0999143645167351e-05,8,mpi,8
2.3999999999999999,0.41666666666666663,0.050000000000000003,48,setup,la_gemm,1600,0.0002609998919069767,1.6312493244186045e-07,1.337426776015252e-05,0,0.0002609998919069767,8,mpi,8
2.3999999999999999,0.41666666666666663,0.050000000000000003,48,setup,la_inverse,32,4.0999380871653557e-05,1.2812306522391737e-06,2.1009077581281278e-06,0,4.0999380871653557e-05,8,mpi,8
2.3999999999999999,0.41666666666666663,0.050000000000000003,48,setup,la_expm_sym,16,0.00013600103557109833,8.5000647231936455e-06,6.9690230601098406e-06,0,0.00013600103557109833,8,mpi,8
2.3999999999999999,0.41666666666666663,0.050000000000000003,48,warmup,dqmc_sweep,8000,14.142175999237224,0.001767771999904653,0.72467941324823704,0,14.142175999237224,8,mpi,8
2.3999999999999999,0.41666666666666663,0.050000000000000003,48,warmup,green_from_scratch,112000,12.606234985636547,0.00011255566951461203,0.64597406885285713,0,12.606234985636547,8,mpi,8
2.3999999999999999,0.41666666666666663,0.050000000000000003,48,warmup,green_wrap,768000,0.76522997743450105,9.9639319978450656e-07,0.039212240823272605,0,0.76522997743450105,8,mpi,8
2.3999999999999999,0.41666666666666663,0.050000000000000003,48,warmup,green_update,3193326,0.49558497965335846,1.5519398259161717e-07,0.025394976861354713,0,0.49558497965335846,8,mpi,8
2.3999999999999999,0.41666666666666663,0.050000000000000003,48,warmup,udv_lmul,5376000,11.376494998577982,2.1161635041997735e-06,0.58295920803387413,0,11.376494998577982,8,mpi,8
2.3999999999999999,0.41666666666666663,0.050000000000000003,48,warmup,udv_inv_one_plus,112000,0.41897897934541106,3.7408837441554559e-06,0.021469499526222423,0,0.41897897934541106,8,mpi,8
2.3999999999999999,0.41666666666666663,0.050000000000000003,48,warmup,la_gemm,12624000,2.0250720621552318,1.6041445359277819e-07,0.1037696061671983,0,2.0250720621552318,8,mpi,8
2.3999999999999999,0.41666666666666663,0.050000000000000003,48,warmup,la_inverse,224000,0.24951598467305303,1.113910645861844e-06,0.012785804488550904,0,0.24951598467305303,8,mpi,8
2.3999999999999999,0.41666666666666663,0.050000000000000003,48,measurement,dqmc_sweep,80000,141.41904700244777,0.0017677380875305972,7.246655112295751,0,141.41904700244777,8,mpi,8
2.3999999999999999,0.41666666666666663,0.050000000000000003,48,measurement,green_from_scratch,1120000,126.20529601816088,0.00011268330001621507,6.4670655967083013,0,126.20529601816088,8,mpi,8
2.3999999999999999,0.41666666666666663,0.050000000000000003,48,measurement,green_wrap,7680000,7.5909511423669755,9.8840509666236663e-07,0.3889787554718056,0,7.5909511423669755,8,mpi,8
2.3999999999999999,0.41666666666666663,0.050000000000000003,48,measurement,green_update,31960352,4.882613925030455,1.5277096838703326e-07,0.25019698485576658,0,4.882613925030455,8,mpi,8
2.3999999999999999,0.41666666666666663,0.050000000000000003,48,measurement,measure_sample,80000,0.013512998819351196,1.6891248524188996e-07,0.00069243884789439193,0,0.013512998819351196,8,mpi,8
2.3999999999999999,0.41666666666666663,0.050000000000000003,48,measurement,udv_lmul,53760000,113.931731027551,2.1192658301255766e-06,5.8381383456021769,0,113.931731027551,8,mpi,8
2.3999999999999999,0.41666666666666663,0.050000000000000003,48,measurement,udv_inv_one_plus,1120000,4.1370088588446379,3.6937579096827126e-06,0.21199037210341548,0,4.1370088588446379,8,mpi,8
2.3999999999999999,0.41666666666666663,0.050000000000000003,48,measurement,la_gemm,126240000,20.287176086101681,1.6070323262121103e-07,1.0395641281322467,0,20.287176086101681,8,mpi,8
2.3999999999999999,0.41666666666666663,0.050000000000000003,48,measurement,la_inverse,2240000,2.4902338923420757,1.1117115590812838e-06,0.12760562703014469,0,2.4902338923420757,8,mpi,8
2.3999999999999999,0.41666666666666663,0.050000000000000003,48,finalize,jackknife,1,1.2000091373920441e-05,1.2000091373920441e-05,6.149137994214566e-07,0,1.2000091373920441e-05,8,mpi,8
2.3999999999999999,0.41666666666666663,0.050000000000000003,48,all,beta_total,1,19.515079000033438,19.515079000033438,1,19.515079000033438,19.515079000033438,8,mpi,8
2.3999999999999999,0.41666666666666663,0.050000000000000003,48,all,model_init,8,0.00013900105841457844,1.7375132301822305e-05,7.122751509965205e-06,0,0.00013900105841457844,8,mpi,8
2.3999999999999999,0.41666666666666663,0.050000000000000003,48,all,field_init,8,1.5000114217400551e-05,1.8750142771750689e-06,7.6864224927682073e-07,0,1.5000114217400551e-05,8,mpi,8
2.3999999999999999,0.41666666666666663,0.050000000000000003,48,all,dqmc_init,8,0.0019069991540163755,0.00023837489425204694,9.7719263858122638e-05,0,0.0019069991540163755,8,mpi,8
2.3999999999999999,0.41666666666666663,0.050000000000000003,48,all,dqmc_sweep,88000,155.56122300168499,0.0017677411704736931,7.9713345255439885,0,155.56122300168499,8,mpi,8
2.3999999999999999,0.41666666666666663,0.050000000000000003,48,all,green_from_scratch,1232016,138.81343800295144,0.00011267178186237147,7.1131373848250163,0,138.81343800295144,8,mpi,8
2.3999999999999999,0.41666666666666663,0.050000000000000003,48,all,green_wrap,8448000,8.3561811198014766,9.8913128785528842e-07,0.42819099629507823,0,8.3561811198014766,8,mpi,8
2.3999999999999999,0.41666666666666663,0.050000000000000003,48,all,green_update,35153678,5.3781989046838135,1.5299107264633343e-07,0.2755919617171213,0,5.3781989046838135,8,mpi,8
2.3999999999999999,0.41666666666666663,0.050000000000000003,48,all,measure_sample,80000,0.013512998819351196,1.6891248524188996e-07,0.00069243884789439193,0,0.013512998819351196,8,mpi,8
2.3999999999999999,0.41666666666666663,0.050000000000000003,48,all,jackknife,1,1.2000091373920441e-05,1.2000091373920441e-05,6.149137994214566e-07,0,1.2000091373920441e-05,8,mpi,8
2.3999999999999999,0.41666666666666663,0.050000000000000003,48,all,udv_lmul,59136768,125.30993502610363,2.1189851806933994e-06,6.4211851269415261,0,125.30993502610363,8,mpi,8
2.3999999999999999,0.41666666666666663,0.050000000000000003,48,all,udv_inv_one_plus,1232016,4.5560588373336941,3.698051678982817e-06,0.23346350979803296,0,4.5560588373336941,8,mpi,8
2.3999999999999999,0.41666666666666663,0.050000000000000003,48,all,la_gemm,138865600,22.31250914814882,1.6067700818740438e-07,1.1433471085672053,0,22.31250914814882,8,mpi,8
2.3999999999999999,0.41666666666666663,0.050000000000000003,48,all,la_inverse,2464032,2.7397908763960004,1.1119136749831172e-06,0.14039353242645372,0,2.7397908763960004,8,mpi,8
2.3999999999999999,0.41666666666666663,0.050000000000000003,48,all,la_expm_sym,16,0.00013600103557109833,8.5000647231936455e-06,6.9690230601098406e-06,0,0.00013600103557109833,8,mpi,8
3.2000000000000002,0.3125,0.050000000000000003,64,setup,model_init,8,0.00014200108125805855,1.7750135157257318e-05,4.1701677824275845e-06,0,0.00014200108125805855,8,mpi,8
3.2000000000000002,0.3125,0.050000000000000003,64,setup,field_init,8,1.5000114217400551e-05,1.8750142771750689e-06,4.4051068124235047e-07,0,1.5000114217400551e-05,8,mpi,8
3.2000000000000002,0.3125,0.050000000000000003,64,setup,dqmc_init,8,0.0023519995156675577,0.00029399993945844471,6.9071534650483625e-05,0,0.0023519995156675577,8,mpi,8
3.2000000000000002,0.3125,0.050000000000000003,64,setup,green_from_scratch,16,0.0023509995080530643,0.00014693746925331652,6.9042167271734137e-05,0,0.0023509995080530643,8,mpi,8
3.2000000000000002,0.3125,0.050000000000000003,64,setup,udv_lmul,1024,0.0021169993560761213,2.0673821836680872e-06,6.2170248507368894e-05,0,0.0021169993560761213,8,mpi,8
3.2000000000000002,0.3125,0.050000000000000003,64,setup,udv_inv_one_plus,16,6.9999834522604942e-05,4.3749896576628089e-06,2.0556959997434062e-06,0,6.9999834522604942e-05,8,mpi,8
3.2000000000000002,0.3125,0.050000000000000003,64,setup,la_gemm,2112,0.00035000033676624298,1.657198564234105e-07,1.027851418658519e-05,0,0.00035000033676624298,8,mpi,8
3.2000000000000002,0.3125,0.050000000000000003,64,setup,la_inverse,32,3.9000064134597778e-05,1.2187520042061806e-06,1.1453209336564792e-06,0,3.9000064134597778e-05,8,mpi,8
3.2000000000000002,0.3125,0.050000000000000003,64,setup,la_expm_sym,16,0.00014000106602907181,8.750066626816988e-06,4.1114330249286044e-06,0,0.00014000106602907181,8,mpi,8
3.2000000000000002,0.3125,0.050000000000000003,64,warmup,dqmc_sweep,8000,23.506424001185223,0.0029383030001481529,0.69031680027621045,0,23.506424001185223,8,mpi,8
3.2000000000000002,0.3125,0.050000000000000003,64,warmup,green_from_scratch,144000,21.463454977143556,0.00014905177067460804,0.63032061201428047,0,21.463454977143556,8,mpi,8
3.2000000000000002,0.3125,0.050000000000000003,64,warmup,green_wrap,1024000,1.0234640024136752,9.9947656485710462e-07,0.030056226132416763,0,1.0234640024136752,8,mpi,8
3.2000000000000002,0.3125,0.050000000000000003,64,warmup,green_update,4285894,0.65507899736985564,1.5284535673767378e-07,0.019237806540446378,0,0.65507899736985564,8,mpi,8
3.2000000000000002,0.3125,0.050000000000000003,64,warmup,udv_lmul,9216000,19.532857951009646,2.1194507325314287e-06,0.57362446964756708,0,19.532857951009646,8,mpi,8
3.2000000000000002,0.3125,0.050000000000000003,64,warmup,udv_inv_one_plus,144000,0.54026102391071618,3.75181266604664e-06,0.015865929301759812,0,0.54026102391071618,8,mpi,8
3.2000000000000002,0.3125,0.050000000000000003,64,warmup,la_gemm,20912000,3.3626459259539843,1.607998243091997e-07,0.098751344566461785,0,3.3626459259539843,8,mpi,8
3.2000000000000002,0.3125,0.050000000000000003,64,warmup,la_inverse,288000,0.32269103405997157,1.1204549793749012e-06,0.0094765176574228994,0,0.32269103405997157,8,mpi,8
3.2000000000000002,0.3125,0.050000000000000003,64,measurement,dqmc_sweep,80000,247.55467399396002,0.0030944334249245003,7.2699765151991782,0,247.55467399396002,8,mpi,8
3.2000000000000002,0.3125,0.050000000000000003,64,measurement,green_from_scratch,1440000,226.00651198276319,0.00015694896665469665,6.6371682985749585,0,226.00651198276319,8,mpi,8
3.2000000000000002,0.3125,0.050000000000000003,64,measurement,green_wrap,10240000,10.784938006429002,1.0532166021903321e-06,0.31672294753978625,0,10.784938006429002,8,mpi,8
3.2000000000000002,0.3125,0.050000000000000003,64,measurement,green_update,42861588,6.8673939250875264,1.6022257330007294e-07,0.20167582276077703,0,6.8673939250875264,8,mpi,8
3.2000000000000002,0.3125,0.050000000000000003,64,measurement,measure_sample,80000,0.014351007761433721,1.7938759701792151e-07,0.00042144827125182785,0,0.014351007761433721,8,mpi,8
3.2000000000000002,0.3125,0.050000000000000003,64,measurement,udv_lmul,92160000,205.62247201334685,2.2311466147281561e-06,6.0385470345460117,0,205.62247201334685,8,mpi,8
3.2000000000000002,0.3125,0.050000000000000003,64,measurement,udv_inv_one_plus,1440000,5.7553339062724262,3.9967596571336297e-06,0.16901778367049111,0,5.7553339062724262,8,mpi,8
3.2000000000000002,0.3125,0.050000000000000003,64,measurement,la_gemm,209120000,35.721440222347155,1.7081790465927294e-07,1.0490370766010715,0,35.721440222347155,8,mpi,8
3.2000000000000002,0.3125,0.050000000000000003,64,measurement,la_inverse,2880000,3.4465419217012823,1.1967159450351674e-06,0.10121513128865062,0,3.4465419217012823,8,mpi,8
3.2000000000000002,0.3125,0.050000000000000003,64,finalize,jackknife,1,1.3000098988413811e-05,1.3000098988413811e-05,3.8177592374337041e-07,0,1.3000098988413811e-05,8,mpi,8
3.2000000000000002,0.3125,0.050000000000000003,64,all,beta_total,1,34.051647000014782,34.051647000014782,1,34.051647000014782,34.051647000014782,8,mpi,8
3.2000000000000002,0.3125,0.050000000000000003,64,all,model_init,8,0.00014200108125805855,1.7750135157257318e-05,4.1701677824275845e-06,0,0.00014200108125805855,8,mpi,8
3.2000000000000002,0.3125,0.050000000000000003,64,all,field_init,8,1.5000114217400551e-05,1.8750142771750689e-06,4.4051068124235047e-07,0,1.5000114217400551e-05,8,mpi,8
3.2000000000000002,0.3125,0.050000000000000003,64,all,dqmc_init,8,0.0023519995156675577,0.00029399993945844471,6.9071534650483625e-05,0,0.0023519995156675577,8,mpi,8
3.2000000000000002,0.3125,0.050000000000000003,64,all,dqmc_sweep,88000,271.06109799514525,0.0030802397499448322,7.960293315475389,0,271.06109799514525,8,mpi,8
3.2000000000000002,0.3125,0.050000000000000003,64,all,green_from_scratch,1584016,247.4723179594148,0.00015623094587391466,7.2675579527565102,0,247.4723179594148,8,mpi,8
3.2000000000000002,0.3125,0.050000000000000003,64,all,green_wrap,11264000,11.808402008842677,1.0483311442509478e-06,0.34677917367220301,0,11.808402008842677,8,mpi,8
3.2000000000000002,0.3125,0.050000000000000003,64,all,green_update,47147482,7.5224729224573821,1.5955195491579767e-07,0.22091362930122341,0,7.5224729224573821,8,mpi,8
3.2000000000000002,0.3125,0.050000000000000003,64,all,measure_sample,80000,0.014351007761433721,1.7938759701792151e-07,0.00042144827125182785,0,0.014351007761433721,8,mpi,8
3.2000000000000002,0.3125,0.050000000000000003,64,all,jackknife,1,1.3000098988413811e-05,1.3000098988413811e-05,3.8177592374337041e-07,0,1.3000098988413811e-05,8,mpi,8
3.2000000000000002,0.3125,0.050000000000000003,64,all,udv_lmul,101377024,225.15744696371257,2.2209908920162478e-06,6.612233674442086,0,225.15744696371257,8,mpi,8
3.2000000000000002,0.3125,0.050000000000000003,64,all,udv_inv_one_plus,1584016,6.295664930017665,3.9744957942455536e-06,0.18488576866825068,0,6.295664930017665,8,mpi,8
3.2000000000000002,0.3125,0.050000000000000003,64,all,la_gemm,230034112,39.084436148637906,1.6990713163723259e-07,1.14779869968172,0,39.084436148637906,8,mpi,8
3.2000000000000002,0.3125,0.050000000000000003,64,all,la_inverse,3168032,3.7692719558253884,1.1897834225870788e-06,0.11069279426700718,0,3.7692719558253884,8,mpi,8
3.2000000000000002,0.3125,0.050000000000000003,64,all,la_expm_sym,16,0.00014000106602907181,8.750066626816988e-06,4.1114330249286044e-06,0,0.00014000106602907181,8,mpi,8
4,0.25,0.050000000000000003,80,setup,model_init,8,0.00016600033268332481,2.0750041585415602e-05,3.2883495807168721e-06,0,0.00016600033268332481,8,mpi,8
4,0.25,0.050000000000000003,80,setup,field_init,8,1.5999190509319305e-05,1.9998988136649132e-06,3.1693268653559997e-07,0,1.5999190509319305e-05,8,mpi,8
4,0.25,0.050000000000000003,80,setup,dqmc_init,8,0.0042850004974752665,0.00053562506218440831,8.4882839458669466e-05,0,0.0042850004974752665,8,mpi,8
4,0.25,0.050000000000000003,80,setup,green_from_scratch,16,0.0042840004898607731,0.00026775003061629832,8.4863030012708251e-05,0,0.0042840004898607731,8,mpi,8
4,0.25,0.050000000000000003,80,setup,udv_lmul,1280,0.0039689997211098671,3.1007810321170835e-06,7.862308682040412e-05,0,0.0039689997211098671,8,mpi,8
4,0.25,0.050000000000000003,80,setup,udv_inv_one_plus,16,7.0999609306454659e-05,4.4374755816534162e-06,1.4064522144020665e-06,0,7.0999609306454659e-05,8,mpi,8
4,0.25,0.050000000000000003,80,setup,la_gemm,2624,0.0013079997152090073,4.9847550122294483e-07,2.5910552379979601e-05,0,0.0013079997152090073,8,mpi,8
4,0.25,0.050000000000000003,80,setup,la_inverse,32,4.3999869376420975e-05,1.3749959180131555e-06,8.7160639787130527e-07,0,4.3999869376420975e-05,8,mpi,8
4,0.25,0.050000000000000003,80,setup,la_expm_sym,16,0.00016100029461085796,1.0062518413178623e-05,3.1893023509108297e-06,0,0.00016100029461085796,8,mpi,8
4,0.25,0.050000000000000003,80,warmup,dqmc_sweep,8000,39.295060000149533,0.0049118825000186916,0.77840744043711274,0,39.295060000149533,8,mpi,8
4,0.25,0.050000000000000003,80,warmup,green_from_scratch,176000,36.397378974827006,0.00020680328962969889,0.72100642183284247,0,36.397378974827006,8,mpi,8
4,0.25,0.050000000000000003,80,warmup,green_wrap,1280000,1.4528239858336747,1.1350187389325584e-06,0.028779419097823781,0,1.4528239858336747,8,mpi,8
4,0.25,0.050000000000000003,80,warmup,green_update,5380960,0.91563900071196258,1.7016275919389154e-07,0.018138163191655187,0,0.91563900071196258,8,mpi,8
4,0.25,0.050000000000000003,80,warmup,udv_lmul,14080000,33.22350607952103,2.3596240113296184e-06,0.65813423696536932,0,33.22350607952103,8,mpi,8
4,0.25,0.050000000000000003,80,warmup,udv_inv_one_plus,176000,0.79271395225077868,4.5040565468794247e-06,0.015703104628621716,0,0.79271395225077868,8,mpi,8
4,0.25,0.050000000000000003,80,warmup,la_gemm,31248000,5.6574588806834072,1.8105027139923858e-07,0.11207027261630916,0,5.6574588806834072,8,mpi,8
4,0.25,0.050000000000000003,80,warmup,la_inverse,352000,0.47408998105674982,1.3468465370930393e-06,0.0093913883498297126,0,0.47408998105674982,8,mpi,8
4,0.25,0.050000000000000003,80,measurement,dqmc_sweep,80000,362.91521700238809,0.0045364402125298514,7.1890946383955958,0,362.91521700238809,8,mpi,8
4,0.25,0.050000000000000003,80,measurement,green_from_scratch,1760000,336.18002595799044,0.00019101137838522183,6.6594893488149811,0,336.18002595799044,8,mpi,8
4,0.25,0.050000000000000003,80,measurement,green_wrap,12800000,13.338147020898759,1.0420427360077156e-06,0.26421929073711031,0,13.338147020898759,8,mpi,8
4,0.25,0.050000000000000003,80,measurement,green_update,53902460,8.5933321116026491,1.5942374636709806e-07,0.1702278518926606,0,8.5933321116026491,8,mpi,8
4,0.25,0.050000000000000003,80,measurement,measure_sample,80000,0.016462002648040652,2.0577503310050815e-07,0.00032610066877825181,0,0.016462002648040652,8,mpi,8
4,0.25,0.050000000000000003,80,measurement,udv_lmul,140800000,307.42970301792957,2.1834495952977953e-06,6.0899657168004735,0,307.42970301792957,8,mpi,8
4,0.25,0.050000000000000003,80,measurement,udv_inv_one_plus,1760000,6.9344050569925457,3.9400028732912194e-06,0.13736567627959334,0,6.9344050569925457,8,mpi,8
4,0.25,0.050000000000000003,80,measurement,la_gemm,312480000,51.678987705148757,1.6538334519056823e-07,1.0237243191330609,0,51.678987705148757,8,mpi,8
4,0.25,0.050000000000000003,80,measurement,la_inverse,3520000,4.1385039663873613,1.1757113540873186e-06,0.081980846439785704,0,4.1385039663873613,8,mpi,8
4,0.25,0.050000000000000003,80,finalize,jackknife,1,1.3999873772263527e-05,1.3999873772263527e-05,2.7732763124598482e-07,0,1.3999873772263527e-05,8,mpi,8
4,0.25,0.050000000000000003,80,all,beta_total,1,50.48135200003162,50.48135200003162,1,50.48135200003162,50.48135200003162,8,mpi,8
4,0.25,0.050000000000000003,80,all,model_init,8,0.00016600033268332481,2.0750041585415602e-05,3.2883495807168721e-06,0,0.00016600033268332481,8,mpi,8
4,0.25,0.050000000000000003,80,all,field_init,8,1.5999190509319305e-05,1.9998988136649132e-06,3.1693268653559997e-07,0,1.5999190509319305e-05,8,mpi,8
4,0.25,0.050000000000000003,80,all,dqmc_init,8,0.0042850004974752665,0.00053562506218440831,8.4882839458669466e-05,0,0.0042850004974752665,8,mpi,8
4,0.25,0.050000000000000003,80,all,dqmc_sweep,88000,402.21027700253762,0.0045705713295742913,7.967502078832708,0,402.21027700253762,8,mpi,8
4,0.25,0.050000000000000003,80,all,green_from_scratch,1936016,372.5816889333073,0.00019244762901407184,7.3805806336778366,0,372.5816889333073,8,mpi,8
4,0.25,0.050000000000000003,80,all,green_wrap,14080000,14.790971006732434,1.0504950999099741e-06,0.29299870983493409,0,14.790971006732434,8,mpi,8
4,0.25,0.050000000000000003,80,all,green_update,59283420,9.5089711123146117,1.6039849105052664e-07,0.1883660150843158,0,9.5089711123146117,8,mpi,8
4,0.25,0.050000000000000003,80,all,measure_sample,80000,0.016462002648040652,2.0577503310050815e-07,0.00032610066877825181,0,0.016462002648040652,8,mpi,8
4,0.25,0.050000000000000003,80,all,jackknife,1,1.3999873772263527e-05,1.3999873772263527e-05,2.7732763124598482e-07,0,1.3999873772263527e-05,8,mpi,8
4,0.25,0.050000000000000003,80,all,udv_lmul,154881280,340.65717809717171,2.1994729001282254e-06,6.7481785768526628,0,340.65717809717171,8,mpi,8
4,0.25,0.050000000000000003,80,all,udv_inv_one_plus,1936016,7.7271900088526309,3.9912841675134045e-06,0.15307018736042946,0,7.7271900088526309,8,mpi,8
4,0.25,0.050000000000000003,80,all,la_gemm,343730624,57.337754585547373,1.6681014312401612e-07,1.13582050230175,0,57.337754585547373,8,mpi,8
4,0.25,0.050000000000000003,80,all,la_inverse,3872032,4.6126379473134875,1.191270616387852e-06,0.091373106396013287,0,4.6126379473134875,8,mpi,8
4,0.25,0.050000000000000003,80,all,la_expm_sym,16,0.00016100029461085796,1.0062518413178623e-05,3.1893023509108297e-06,0,0.00016100029461085796,8,mpi,8
4.7999999999999998,0.20833333333333331,0.050000000000000003,96,setup,model_init,8,0.00017299945466220379,2.1624931832775474e-05,2.3888548586669258e-06,0,0.00017299945466220379,8,mpi,8
4.7999999999999998,0.20833333333333331,0.050000000000000003,96,setup,field_init,8,2.1000159904360771e-05,2.6250199880450964e-06,2.8997972345212671e-07,0,2.1000159904360771e-05,8,mpi,8
4.7999999999999998,0.20833333333333331,0.050000000000000003,96,setup,dqmc_init,8,0.0037950000260025263,0.00047437500325031579,5.2403079931429876e-05,0,0.0037950000260025263,8,mpi,8
4.7999999999999998,0.20833333333333331,0.050000000000000003,96,setup,green_from_scratch,16,0.0037940000183880329,0.00023712500114925206,5.2389271373170256e-05,0,0.0037940000183880329,8,mpi,8
4.7999999999999998,0.20833333333333331,0.050000000000000003,96,setup,udv_lmul,1536,0.0034880000166594982,2.2708333441793607e-06,4.8163884696035248e-05,0,0.0034880000166594982,8,mpi,8
4.7999999999999998,0.20833333333333331,0.050000000000000003,96,setup,udv_inv_one_plus,16,8.0000143498182297e-05,5.0000089686363935e-06,1.1046782307079533e-06,0,8.0000143498182297e-05,8,mpi,8
4.7999999999999998,0.20833333333333331,0.050000000000000003,96,setup,la_gemm,3136,0.00055399979464709759,1.766580977828755e-07,7.6498801902427882e-06,0,0.00055399979464709759,8,mpi,8
4.7999999999999998,0.20833333333333331,0.050000000000000003,96,setup,la_inverse,32,4.7000125050544739e-05,1.4687539078295231e-06,6.4899902317135223e-07,0,4.7000125050544739e-05,8,mpi,8
4.7999999999999998,0.20833333333333331,0.050000000000000003,96,setup,la_expm_sym,16,0.00016799941658973694,1.0499963536858559e-05,2.3198120673688003e-06,0,0.00016799941658973694,8,mpi,8
4.7999999999999998,0.20833333333333331,0.050000000000000003,96,warmup,dqmc_sweep,8000,56.200277998344973,0.007025034749793122,0.77603890380418439,0,56.200277998344973,8,mpi,8
4.7999999999999998,0.20833333333333331,0.050000000000000003,96,warmup,green_from_scratch,208000,52.516095997299999,0.00025248123075624998,0.72516604937470552,0,52.516095997299999,8,mpi,8
4.7999999999999998,0.20833333333333331,0.050000000000000003,96,warmup,green_wrap,1536000,1.8540659723803401,1.2070742007684506e-06,0.025601783052195043,0,1.8540659723803401,8,mpi,8
4.7999999999999998,0.20833333333333331,0.050000000000000003,96,warmup,green_update,6485252,1.1459900164045393,1.7670709116693374e-07,0.015824349412067101,0,1.1459900164045393,8,mpi,8
4.7999999999999998,0.20833333333333331,0.050000000000000003,96,warmup,udv_lmul,19968000,48.12581099034287,2.4101467843721387e-06,0.66454300469355121,0,48.12581099034287,8,mpi,8
4.7999999999999998,0.20833333333333331,0.050000000000000003,96,warmup,udv_inv_one_plus,208000,0.94349101185798645,4.536014480086473e-06,0.013028151401901151,0,0.94349101185798645,8,mpi,8
4.7999999999999998,0.20833333333333331,0.050000000000000003,96,warmup,la_gemm,43632000,7.9415199677459896,1.8201136706421869e-07,0.10966010613844525,0,7.9415199677459896,8,mpi,8
4.7999999999999998,0.20833333333333331,0.050000000000000003,96,warmup,la_inverse,416000,0.53793198638595641,1.2931057365047029e-06,0.0074280086132039874,0,0.53793198638595641,8,mpi,8
4.7999999999999998,0.20833333333333331,0.050000000000000003,96,measurement,dqmc_sweep,80000,520.55813199817203,0.0065069766499771505,7.1881025594590797,0,520.55813199817203,8,mpi,8
4.7999999999999998,0.20833333333333331,0.050000000000000003,96,measurement,green_from_scratch,2080000,487.65719994041137,0.00023445057689442856,6.7337915816914533,0,487.65719994041137,8,mpi,8
4.7999999999999998,0.20833333333333331,0.050000000000000003,96,measurement,green_wrap,15360000,16.389441988430917,1.0670209627884711e-06,0.22631284128236437,0,16.389441988430917,8,mpi,8
4.7999999999999998,0.20833333333333331,0.050000000000000003,96,measurement,green_update,64928222,10.631304053822532,1.637393374767375e-07,0.1468018635811798,0,10.631304053822532,8,mpi,8
4.7999999999999998,0.20833333333333331,0.050000000000000003,96,measurement,measure_sample,80000,0.016292998800054193,2.0366248500067741e-07,0.0002249811100373791,0,0.016292998800054193,8,mpi,8
4.7999999999999998,0.20833333333333331,0.050000000000000003,96,measurement,udv_lmul,199680000,447.3492306873668,2.2403306825288803e-06,6.1772008780898338,0,447.3492306873668,8,mpi,8
4.7999999999999998,0.20833333333333331,0.050000000000000003,96,measurement,udv_inv_one_plus,2080000,8.5612988609354943,4.1160090677574491e-06,0.1182182939268743,0,8.5612988609354943,8,mpi,8
4.7999999999999998,0.20833333333333331,0.050000000000000003,96,measurement,la_gemm,436320000,74.212220061337575,1.7008667964186281e-07,1.0247559612956241,0,74.212220061337575,8,mpi,8
4.7999999999999998,0.20833333333333331,0.050000000000000003,96,measurement,la_inverse,4160000,5.077895998256281,1.2206480765039138e-06,0.070117888816039406,0,5.077895998256281,8,mpi,8
4.7999999999999998,0.20833333333333331,0.050000000000000003,96,finalize,jackknife,1,1.0000076144933701e-05,1.0000076144933701e-05,1.3808558259625082e-07,0,1.0000076144933701e-05,8,mpi,8
4.7999999999999998,0.20833333333333331,0.050000000000000003,96,all,beta_total,1,72.419407999841496,72.419407999841496,1,72.419407999841496,72.419407999841496,8,mpi,8
4.7999999999999998,0.20833333333333331,0.050000000000000003,96,all,model_init,8,0.00017299945466220379,2.1624931832775474e-05,2.3888548586669258e-06,0,0.00017299945466220379,8,mpi,8
4.7999999999999998,0.20833333333333331,0.050000000000000003,96,all,field_init,8,2.1000159904360771e-05,2.6250199880450964e-06,2.8997972345212671e-07,0,2.1000159904360771e-05,8,mpi,8
4.7999999999999998,0.20833333333333331,0.050000000000000003,96,all,dqmc_init,8,0.0037950000260025263,0.00047437500325031579,5.2403079931429876e-05,0,0.0037950000260025263,8,mpi,8
4.7999999999999998,0.20833333333333331,0.050000000000000003,96,all,dqmc_sweep,88000,576.758409996517,0.0065540728408695114,7.9641414632632639,0,576.758409996517,8,mpi,8
4.7999999999999998,0.20833333333333331,0.050000000000000003,96,all,green_from_scratch,2288016,540.17708993772976,0.00023608973448513025,7.4590100203375318,0,540.17708993772976,8,mpi,8
4.7999999999999998,0.20833333333333331,0.050000000000000003,96,all,green_wrap,16896000,18.243507960811257,1.0797530753321057e-06,0.25191462433455941,0,18.243507960811257,8,mpi,8
4.7999999999999998,0.20833333333333331,0.050000000000000003,96,all,green_update,71413474,11.777294070227072,1.6491697449457608e-07,0.16262621299324689,0,11.777294070227072,8,mpi,8
4.7999999999999998,0.20833333333333331,0.050000000000000003,96,all,measure_sample,80000,0.016292998800054193,2.0366248500067741e-07,0.0002249811100373791,0,0.016292998800054193,8,mpi,8
4.7999999999999998,0.20833333333333331,0.050000000000000003,96,all,jackknife,1,1.0000076144933701e-05,1.0000076144933701e-05,1.3808558259625082e-07,0,1.0000076144933701e-05,8,mpi,8
4.7999999999999998,0.20833333333333331,0.050000000000000003,96,all,udv_lmul,219649536,495.47852967772633,2.2557686153169308e-06,6.8417920466680808,0,495.47852967772633,8,mpi,8
4.7999999999999998,0.20833333333333331,0.050000000000000003,96,all,udv_inv_one_plus,2288016,9.5048698729369789,4.1541972927361427e-06,0.13124755000700616,0,9.5048698729369789,8,mpi,8
4.7999999999999998,0.20833333333333331,0.050000000000000003,96,all,la_gemm,479955136,82.154294028878212,1.7117077798887897e-07,1.1344237173142595,0,82.154294028878212,8,mpi,8
4.7999999999999998,0.20833333333333331,0.050000000000000003,96,all,la_inverse,4576032,5.615874984767288,1.2272368254346316e-06,0.077546546428266569,0,5.615874984767288,8,mpi,8
4.7999999999999998,0.20833333333333331,0.050000000000000003,96,all,la_expm_sym,16,0.00016799941658973694,1.0499963536858559e-05,2.3198120673688003e-06,0,0.00016799941658973694,8,mpi,8
6.4000000000000004,0.15625,0.050000000000000003,128,setup,model_init,8,0.00014899927191436291,1.8624908989295363e-05,1.1709940458630048e-06,0,0.00014899927191436291,8,mpi,8
6.4000000000000004,0.15625,0.050000000000000003,128,setup,field_init,8,2.9000220820307732e-05,3.6250276025384665e-06,2.2791444194982799e-07,0,2.9000220820307732e-05,8,mpi,8
6.4000000000000004,0.15625,0.050000000000000003,128,setup,dqmc_init,8,0.0051519996486604214,0.00064399995608255267,4.0489868409136123e-05,0,0.0051519996486604214,8,mpi,8
6.4000000000000004,0.15625,0.050000000000000003,128,setup,green_from_scratch,16,0.0051489996258169413,0.00032181247661355883,4.0466291053072351e-05,0,0.0051489996258169413,8,mpi,8
6.4000000000000004,0.15625,0.050000000000000003,128,setup,udv_lmul,2048,0.0047169995959848166,2.3032224589769612e-06,3.7071177397504921e-05,0,0.0047169995959848166,8,mpi,8
6.4000000000000004,0.15625,0.050000000000000003,128,setup,udv_inv_one_plus,16,7.8000593930482864e-05,4.875037120655179e-06,6.1301125765815801e-07,0,7.8000593930482864e-05,8,mpi,8
6.4000000000000004,0.15625,0.050000000000000003,128,setup,la_gemm,4160,0.00074499985203146935,1.7908650289218014e-07,5.8549976767609662e-06,0,0.00074499985203146935,8,mpi,8
6.4000000000000004,0.15625,0.050000000000000003,128,setup,la_inverse,32,4.3000327423214912e-05,1.343760231975466e-06,3.3794210358077944e-07,0,4.3000327423214912e-05,8,mpi,8
6.4000000000000004,0.15625,0.050000000000000003,128,setup,la_expm_sym,16,0.0001459992490708828,9.1249530669301748e-06,1.1474166897992295e-06,0,0.0001459992490708828,8,mpi,8
6.4000000000000004,0.15625,0.050000000000000003,128,warmup,dqmc_sweep,8000,85.545083003118634,0.01069313537538983,0.672303841236772,0,85.545083003118634,8,mpi,8
6.4000000000000004,0.15625,0.050000000000000003,128,warmup,green_from_scratch,272000,81.352291008224711,0.00029908930517729673,0.63935244222332765,0,81.352291008224711,8,mpi,8
6.4000000000000004,0.15625,0.050000000000000003,128,warmup,green_wrap,2048000,2.0919459906872362,1.0214580032652521e-06,0.016440726641736039,0,2.0919459906872362,8,mpi,8
6.4000000000000004,0.15625,0.050000000000000003,128,warmup,green_update,8688174,1.3498870164621621,1.553706240761479e-07,0.010608841496711999,0,1.3498870164621621,8,mpi,8
6.4000000000000004,0.15625,0.050000000000000003,128,warmup,udv_lmul,34816000,75.03742702677846,2.1552569803187747e-06,0.58972355459387416,0,75.03742702677846,8,mpi,8
6.4000000000000004,0.15625,0.050000000000000003,128,warmup,udv_inv_one_plus,272000,1.0827119795139879,3.9805587482131909e-06,0.008509097159374859,0,1.0827119795139879,8,mpi,8
6.4000000000000004,0.15625,0.050000000000000003,128,warmup,la_gemm,74544000,12.252068114466965,1.6436021832028017e-07,0.096289724286671416,0,12.252068114466965,8,mpi,8
6.4000000000000004,0.15625,0.050000000000000003,128,warmup,la_inverse,544000,0.64193001273088157,1.180018405755297e-06,0.0050449657445350571,0,0.64193001273088157,8,mpi,8
6.4000000000000004,0.15625,0.050000000000000003,128,measurement,dqmc_sweep,80000,927.84134000213817,0.011598016750026727,7.2919596900615584,0,927.84134000213817,8,mpi,8
6.4000000000000004,0.15625,0.050000000000000003,128,measurement,green_from_scratch,2720000,881.78955607698299,0.00032418733679300844,6.9300360102685428,0,881.78955607698299,8,mpi,8
6.4000000000000004,0.15625,0.050000000000000003,128,measurement,green_wrap,20480000,22.89881594455801,1.1181062472928716e-06,0.17996314199308161,0,22.89881594455801,8,mpi,8
6.4000000000000004,0.15625,0.050000000000000003,128,measurement,green_update,86858998,14.77670499868691,1.7012290423482561e-07,0.11613099412245177,0,14.77670499868691,8,mpi,8
6.4000000000000004,0.15625,0.050000000000000003,128,measurement,measure_sample,80000,0.019580003572627902,2.4475004465784879e-07,0.00015388040026599262,0,0.019580003572627902,8,mpi,8
6.4000000000000004,0.15625,0.050000000000000003,128,measurement,udv_lmul,348160000,812.78314998326823,2.334510426192751e-06,6.3877106040840905,0,812.78314998326823,8,mpi,8
6.4000000000000004,0.15625,0.050000000000000003,128,measurement,udv_inv_one_plus,2720000,11.972577173030004,4.401682784202207e-06,0.094093188531225364,0,11.972577173030004,8,mpi,8
6.4000000000000004,0.15625,0.050000000000000003,128,measurement,la_gemm,745440000,132.08779382496141,1.7719440038763871e-07,1.0380857443995339,0,132.08779382496141,8,mpi,8
6.4000000000000004,0.15625,0.050000000000000003,128,measurement,la_inverse,5440000,7.1403870857320726,1.3125711554654546e-06,0.056116722284086214,0,7.1403870857320726,8,mpi,8
6.4000000000000004,0.15625,0.050000000000000003,128,finalize,jackknife,1,9.0000685304403305e-06,9.0000685304403305e-06,7.0732068191325932e-08,0,9.0000685304403305e-06,8,mpi,8
6.4000000000000004,0.15625,0.050000000000000003,128,all,beta_total,1,127.24169899988919,127.24169899988919,1,127.24169899988919,127.24169899988919,8,mpi,8
6.4000000000000004,0.15625,0.050000000000000003,128,all,model_init,8,0.00014899927191436291,1.8624908989295363e-05,1.1709940458630048e-06,0,0.00014899927191436291,8,mpi,8
6.4000000000000004,0.15625,0.050000000000000003,128,all,field_init,8,2.9000220820307732e-05,3.6250276025384665e-06,2.2791444194982799e-07,0,2.9000220820307732e-05,8,mpi,8
6.4000000000000004,0.15625,0.050000000000000003,128,all,dqmc_init,8,0.0051519996486604214,0.00064399995608255267,4.0489868409136123e-05,0,0.0051519996486604214,8,mpi,8
6.4000000000000004,0.15625,0.050000000000000003,128,all,dqmc_sweep,88000,1013.3864230052568,0.011515754806877918,7.9642635312983305,0,1013.3864230052568,8,mpi,8
6.4000000000000004,0.15625,0.050000000000000003,128,all,green_from_scratch,2992016,963.14699608483352,0.00032190569705671144,7.5694289187829238,0,963.14699608483352,8,mpi,8
6.4000000000000004,0.15625,0.050000000000000003,128,all,green_wrap,22528000,24.990761935245246,1.1093200432903607e-06,0.19640386863481765,0,24.990761935245246,8,mpi,8
6.4000000000000004,0.15625,0.050000000000000003,128,all,green_update,95547172,16.126592015149072,1.68781468646179e-07,0.12673983561916377,0,16.126592015149072,8,mpi,8
6.4000000000000004,0.15625,0.050000000000000003,128,all,measure_sample,80000,0.019580003572627902,2.4475004465784879e-07,0.00015388040026599262,0,0.019580003572627902,8,mpi,8
6.4000000000000004,0.15625,0.050000000000000003,128,all,jackknife,1,9.0000685304403305e-06,9.0000685304403305e-06,7.0732068191325932e-08,0,9.0000685304403305e-06,8,mpi,8
6.4000000000000004,0.15625,0.050000000000000003,128,all,udv_lmul,382978048,887.82529400964268,2.3182145782142653e-06,6.9774712298553618,0,887.82529400964268,8,mpi,8
6.4000000000000004,0.15625,0.050000000000000003,128,all,udv_inv_one_plus,2992016,13.055367153137922,4.3634015169497497e-06,0.10260289870185788,0,13.055367153137922,8,mpi,8
6.4000000000000004,0.15625,0.050000000000000003,128,all,la_gemm,819988160,144.34060693928041,1.7602767208160715e-07,1.1343813236838822,0,144.34060693928041,8,mpi,8
6.4000000000000004,0.15625,0.050000000000000003,128,all,la_inverse,5984032,7.7823600987903774,1.3005211367169123e-06,0.06116202597072485,0,7.7823600987903774,8,mpi,8
6.4000000000000004,0.15625,0.050000000000000003,128,all,la_expm_sym,16,0.0001459992490708828,9.1249530669301748e-06,1.1474166897992295e-06,0,0.0001459992490708828,8,mpi,8
8,0.125,0.050000000000000003,160,setup,model_init,8,0.00015500024892389774,1.9375031115487218e-05,8.6151699060726401e-07,0,0.00015500024892389774,8,mpi,8
8,0.125,0.050000000000000003,160,setup,field_init,8,3.1999312341213226e-05,3.9999140426516533e-06,1.7785746449503612e-07,0,3.1999312341213226e-05,8,mpi,8
8,0.125,0.050000000000000003,160,setup,dqmc_init,8,0.005620000883936882,0.00070250011049211025,3.1236893375033636e-05,0,0.005620000883936882,8,mpi,8
8,0.125,0.050000000000000003,160,setup,green_from_scratch,16,0.0056180008687078953,0.00035112505429424345,3.12257769599749e-05,0,0.0056180008687078953,8,mpi,8
8,0.125,0.050000000000000003,160,setup,udv_lmul,2560,0.0051639997400343418,2.0171873984509148e-06,2.8702363682753787e-05,0,0.0051639997400343418,8,mpi,8
8,0.125,0.050000000000000003,160,setup,udv_inv_one_plus,16,7.200031541287899e-05,4.5000197133049369e-06,4.0018964800329224e-07,0,7.200031541287899e-05,8,mpi,8
8,0.125,0.050000000000000003,160,setup,la_gemm,5184,0.00080600078217685223,1.5547854594460884e-07,4.4798855041131712e-06,0,0.00080600078217685223,8,mpi,8
8,0.125,0.050000000000000003,160,setup,la_inverse,32,4.4000102207064629e-05,1.3750031939707696e-06,2.4455983718099644e-07,0,4.4000102207064629e-05,8,mpi,8
8,0.125,0.050000000000000003,160,setup,la_expm_sym,16,0.00015100021846592426,9.4375136541202664e-06,8.3928416048979319e-07,0,0.00015100021846592426,8,mpi,8
8,0.125,0.050000000000000003,160,warmup,dqmc_sweep,8000,134.13158699939959,0.016766448374924948,0.74552551998697314,0,134.13158699939959,8,mpi,8
8,0.125,0.050000000000000003,160,warmup,green_from_scratch,336000,128.6753809787333,0.0003829624433890872,0.71519902552201542,0,128.6753809787333,8,mpi,8
8,0.125,0.050000000000000003,160,warmup,green_wrap,2560000,2.7329600339289755,1.067562513253506e-06,0.015190243372037608,0,2.7329600339289755,8,mpi,8
8,0.125,0.050000000000000003,160,warmup,green_update,10870100,1.7633729835506529,1.6222233314786919e-07,0.0098011183637040349,0,1.7633729835506529,8,mpi,8
8,0.125,0.050000000000000003,160,warmup,udv_lmul,53760000,118.97339597321115,2.2130468000969338e-06,0.6612737900278578,0,118.97339597321115,8,mpi,8
8,0.125,0.050000000000000003,160,warmup,udv_inv_one_plus,336000,1.4084599791094661,4.1918451759210301e-06,0.0078284532509939383,0,1.4084599791094661,8,mpi,8
8,0.125,0.050000000000000003,160,warmup,la_gemm,113648000,19.25374993076548,1.6941565122805046e-07,0.10701552296475353,0,19.25374993076548,8,mpi,8
8,0.125,0.050000000000000003,160,warmup,la_inverse,672000,0.83558202348649502,1.2434256301882366e-06,0.0046443029303330687,0,0.83558202348649502,8,mpi,8
8,0.125,0.050000000000000003,160,measurement,dqmc_sweep,80000,1299.1919049913995,0.016239898812392493,7.2211232432217107,0,1299.1919049913995,8,mpi,8
8,0.125,0.050000000000000003,160,measurement,green_from_scratch,3360000,1246.8086360087618,0.0003710739988121315,6.9299683801462946,0,1246.8086360087618,8,mpi,8
8,0.125,0.050000000000000003,160,measurement,green_wrap,25600000,26.035705195739865,1.0170197342085884e-06,0.14471075075230705,0,26.035705195739865,8,mpi,8
8,0.125,0.050000000000000003,160,measurement,green_update,108684364,16.905546913389117,1.5554718536503665e-07,0.093963822655173737,0,16.905546913389117,8,mpi,8
8,0.125,0.050000000000000003,160,measurement,measure_sample,80000,0.021046009380370378,2.6307511725462972e-07,0.0001169771970790264,0,0.021046009380370378,8,mpi,8
8,0.125,0.050000000000000003,160,measurement,udv_lmul,537600000,1153.5552273022477,2.1457500507854309e-06,6.4116505284623884,0,1153.5552273022477,8,mpi,8
8,0.125,0.050000000000000003,160,measurement,udv_inv_one_plus,3360000,13.330985923763365,3.9675553344533819e-06,0.07409582213321006,0,13.330985923763365,8,mpi,8
8,0.125,0.050000000000000003,160,measurement,la_gemm,1136480000,187.31870119692758,1.6482357911879449e-07,1.0411482875674094,0,187.31870119692758,8,mpi,8
8,0.125,0.050000000000000003,160,measurement,la_inverse,6720000,7.8488148802425712,1.1679784047980017e-06,0.043625009781629802,0,7.8488148802425712,8,mpi,8
8,0.125,0.050000000000000003,160,finalize,jackknife,1,9.0000685304403305e-06,9.0000685304403305e-06,5.0023867764309353e-08,0,9.0000685304403305e-06,8,mpi,8
8,0.125,0.050000000000000003,160,all,beta_total,1,179.91548700002022,179.91548700002022,1,179.91548700002022,179.91548700002022,8,mpi,8
8,0.125,0.050000000000000003,160,all,model_init,8,0.00015500024892389774,1.9375031115487218e-05,8.6151699060726401e-07,0,0.00015500024892389774,8,mpi,8
8,0.125,0.050000000000000003,160,all,field_init,8,3.1999312341213226e-05,3.9999140426516533e-06,1.7785746449503612e-07,0,3.1999312341213226e-05,8,mpi,8
8,0.125,0.050000000000000003,160,all,dqmc_init,8,0.005620000883936882,0.00070250011049211025,3.1236893375033636e-05,0,0.005620000883936882,8,mpi,8
8,0.125,0.050000000000000003,160,all,dqmc_sweep,88000,1433.3234919907991,0.0162877669544409,7.966648763208684,0,1433.3234919907991,8,mpi,8
8,0.125,0.050000000000000003,160,all,green_from_scratch,3696016,1375.4896349883638,0.00037215467546362457,7.64519863144527,0,1375.4896349883638,8,mpi,8
8,0.125,0.050000000000000003,160,all,green_wrap,28160000,28.768665229668841,1.0216145323035809e-06,0.15990099412434466,0,28.768665229668841,8,mpi,8
8,0.125,0.050000000000000003,160,all,green_update,119554464,18.668919896939769,1.5615410142225864e-07,0.10376494101887777,0,18.668919896939769,8,mpi,8
8,0.125,0.050000000000000003,160,all,measure_sample,80000,0.021046009380370378,2.6307511725462972e-07,0.0001169771970790264,0,0.021046009380370378,8,mpi,8
8,0.125,0.050000000000000003,160,all,jackknife,1,9.0000685304403305e-06,9.0000685304403305e-06,5.0023867764309353e-08,0,9.0000685304403305e-06,8,mpi,8
8,0.125,0.050000000000000003,160,all,udv_lmul,591362560,1272.5337872751988,2.1518673540563659e-06,7.0729530208539293,0,1272.5337872751988,8,mpi,8
8,0.125,0.050000000000000003,160,all,udv_inv_one_plus,3696016,14.739517903188244,3.987947536804019e-06,0.081924675573851996,0,14.739517903188244,8,mpi,8
8,0.125,0.050000000000000003,160,all,la_gemm,1250133184,206.57325712847523,1.6524099973693302e-07,1.1481682904176671,0,206.57325712847523,8,mpi,8
8,0.125,0.050000000000000003,160,all,la_inverse,7392032,8.6844409038312733,1.1748381099853562e-06,0.048269557271800052,0,8.6844409038312733,8,mpi,8
8,0.125,0.050000000000000003,160,all,la_expm_sym,16,0.00015100021846592426,9.4375136541202664e-06,8.3928416048979319e-07,0,0.00015100021846592426,8,mpi,8
