beta	dtau	observable	app_mean	app_se	pp_mean	pp_se	app_minus_pp	paired_se	covariance_of_means	ed_difference	residual_difference	residual_z
4	0.1	E_per_site	-0.896702993634053	0.000613400587933937	-0.8206578210529725	0.0005943280286459961	-0.07604517258108054	0.001179368204780256	-3.30711637767334e-07	-0.060727756237115016	-0.015317416343965523	-12.987815240295983
4	0.1	D	0.13967103040988385	7.230618275154433e-05	0.12296276868720903	0.00012358656794257014	0.01670826172267482	0.00017589241574555685	-5.218159038442297e-09	0.028761643837500003	-0.012053382114825182	-68.52701444649786
4	0.1	Szz_Q	0.5970440252350402	0.0017316303076426493	0.6635837600064846	0.0036946123289026875	-0.06653973477144434	0.00402916264252115	2.0727609166915054e-07	-0.2767118439171866	0.21017210914574228	52.16272654961186
4	0.1	Sperp_Q	1.1914790599761567	0.004832443894358963	1.2987094271685726	0.00822871280078647	-0.10723036719241597	0.008568620936745399	8.821481796161354e-06	-0.5534236878343732	0.44619332064195727	52.07294428541192
4	0.1	S_Q	1.7885230852111969	0.004072413504152364	1.962293187175057	0.009332694907612432	-0.17377010196386034	0.007096413332495963	2.666233190087554e-05	-0.83013553175156	0.6563654297876996	92.49255913294463
4	0.1	SU2_Q	-0.0026089904939238877	0.007408083396726565	-0.028458092844396623	0.010527949285668511	0.025849102350472736	0.014729240968256528	-2.5616561863251285e-05	0.0	0.025849102350472736	1.7549514198444434
4	0.1	Szz_0	0.020083954498019814	0.000159616624406988	0.061005002178518286	0.00026868046147826124	-0.04092104768049847	0.00017339111415939272	3.380108934890838e-08	0.0	-0.04092104768049847	-236.00429513868343
4	0.05	E_per_site	-0.8816516382578112	0.0006407289718830689	-0.8071229217266221	0.0004911442100083697	-0.07452871653118906	0.0008069648080762211	2.8202448079393656e-10	-0.060727756237115016	-0.013800960294074044	-17.102307505794585
4	0.05	D	0.14194895545151062	0.00014489450620881026	0.12522058357440158	9.086809450665788e-05	0.016728371877109054	0.00011527980821404858	7.98099717344902e-09	0.028761643837500003	-0.012033271960390949	-104.38317123192884
4	0.05	Szz_Q	0.5861859934584673	0.002466233294097356	0.6466705034431013	0.0025274296432187555	-0.06048450998463392	0.0032635027259191904	9.098786101265977e-07	-0.2767118439171866	0.2162273339325527	66.25621367350034
4	0.05	Sperp_Q	1.1659733162842048	0.0036988160512162332	1.2825602094047257	0.004888650413113276	-0.1165868931205209	0.006998459824701992	-5.699148437800197e-06	-0.5534236878343732	0.43683679471385234	62.41899012865358
4	0.05	S_Q	1.7521593097426722	0.0020192647050638712	1.9292307128478268	0.005961913110423864	-0.17707140310515473	0.005603160190566504	4.113216882105686e-06	-0.83013553175156	0.6530641286464052	116.55282134283895
4	0.05	SU2_Q	-0.00639867063272998	0.008329627879410773	-0.010780797481476933	0.006239815407601096	0.004382126848746953	0.012167465297427354	-1.986460741685286e-05	0.0	0.004382126848746953	0.3601511688447958
4	0.05	Szz_0	0.020220114495488103	0.0001692020614820321	0.0615958235311821	0.0005783911481805408	-0.041375709035694	0.0007048218997411129	-6.680412622564844e-08	0.0	-0.041375709035694	-58.70377899848409
4	0.025	E_per_site	-0.8776256063691301	0.0004109550969664117	-0.8041514862315461	0.0009357751816301534	-0.07347412013758395	0.0010089529836874128	1.3286579492943418e-08	-0.060727756237115016	-0.012746363900468932	-12.63325854281623
4	0.025	D	0.1428168905014694	7.747432729119188e-05	0.1258390106741647	0.00010482090346704963	0.016977879827304684	0.0001483599237473558	-2.510486890724986e-09	0.028761643837500003	-0.011783764010195319	-79.42686752968447
4	0.025	Szz_Q	0.5814745062701138	0.0028119121563628916	0.6373413204067091	0.0026405294149814103	-0.05586681413659533	0.003161736152084345	2.4413350355431764e-06	-0.2767118439171866	0.22084502978059128	69.84929138853072
4	0.025	Sperp_Q	1.1555844613455486	0.004646636663822602	1.2814324662477468	0.007186370098531741	-0.12584800490219822	0.0045226952276144605	2.639018767838246e-05	-0.5534236878343732	0.427575682932175	94.54001682923568
4	0.025	S_Q	1.7370589676156623	0.005822098538564827	1.9187737866544559	0.005157679993540759	-0.1817148190387936	0.004269151074709931	2.113642170491617e-05	-0.83013553175156	0.6484207127127664	151.88516437236262
4	0.025	SU2_Q	-0.007364551194678978	0.006664918148171993	0.006749825434328705	0.011981769205587479	-0.014114376629007684	0.009213710845291944	5.154572983857321e-05	0.0	-0.014114376629007684	-1.5318883852557519
4	0.025	Szz_0	0.020536346169755533	0.0002266424182577893	0.0625902144835611	0.0005598823376595903	-0.042053868313805566	0.0007775117366305078	-1.1984474141064143e-07	0.0	-0.042053868313805566	-54.087760136012676
8	0.1	E_per_site	-0.9298500306438983	0.0007256306231959044	-0.8668175338262015	0.005494635299609331	-0.06303249681769676	0.005243251291725129	1.6129363844276797e-06	-0.060727756237115016	-0.002304740580581749	-0.4395632504242316
8	0.1	D	0.14047657252077791	6.0668269448534396e-05	0.11285040191030675	0.0011866313002627227	0.02762617061047117	0.0012008415618438818	-1.5122987485286704e-08	0.028761643837500003	-0.0011354732270288347	-0.9455645633095222
8	0.1	Szz_Q	0.6443816298578247	0.0018280677528421758	0.8770040012969468	0.006769349573459001	-0.2326223714391221	0.006103566759771456	5.956199082841977e-06	-0.2767118439171866	0.04408947247806452	7.223558652402685
8	0.1	Sperp_Q	1.2884741633162298	0.008005638036366046	1.771765136295126	0.07027183889488038	-0.48329097297889634	0.07387049960703326	-0.000227314565077684	-0.5534236878343732	0.0701327148554769	0.9494008464618467
8	0.1	S_Q	1.9328557931740544	0.008684453503410672	2.648769137592073	0.0767659453654277	-0.7159133444180185	0.07990237113508387	-0.00020797940625397508	-0.83013553175156	0.1142221873335415	1.4295218741435864
8	0.1	SU2_Q	-0.00028909639941967786	0.007841061538849114	0.01775713370123254	0.057474497398363814	-0.018046230100652216	0.06184897310147229	-0.00023024768822804776	0.0	-0.018046230100652216	-0.29177897700976757
8	0.1	Szz_0	0.0018666281171204411	4.685744787092052e-05	0.028142574621434983	0.0007181289153362651	-0.026275946504314543	0.0006906293170653646	2.046795293642229e-08	0.0	-0.026275946504314543	-38.04638154656799
8	0.05	E_per_site	-0.9153313327651154	0.0005519102065968237	-0.8504615419681439	0.0009987574467421013	-0.06486979079697142	0.0005502287304951512	4.996848288531222e-07	-0.060727756237115016	-0.0041420345598564	-7.527841296344123
8	0.05	D	0.1427784425452523	6.429666484297745e-05	0.11602205653432207	0.00012869528460724504	0.026756386010930243	0.00015542647259653183	-1.7304254968652392e-09	0.028761643837500003	-0.0020052578265697604	-12.901649204734674
8	0.05	Szz_Q	0.6361046876693276	0.003130727727997998	0.842210491801805	0.011494469565106373	-0.2061058041324774	0.010232081636235478	1.8614396039712447e-05	-0.2767118439171866	0.07060603978470922	6.900457042354692
8	0.05	Sperp_Q	1.2781211501481824	0.00536467261235963	1.7645793427332312	0.01861554757091628	-0.48645819258504885	0.020577975225791023	-2.4067370395210324e-05	-0.5534236878343732	0.06696549524932438	3.2542315030778353
8	0.05	S_Q	1.91422583781751	0.005257058107836143	2.606789834535036	0.026297338274818925	-0.6925639967175263	0.026660873929739138	4.1922307959890764e-06	-0.83013553175156	0.13757153503403363	5.160053469986897
8	0.05	SU2_Q	0.0059117748095271865	0.009480219061614852	0.08015835912962126	0.02119558484481085	-0.07424658432009407	0.021838675862983443	3.109980346066268e-05	0.0	-0.07424658432009407	-3.3997750040304426
8	0.05	Szz_0	0.0018939331527706924	0.00012403028186851075	0.02907495583108824	0.0009745528312105434	-0.027181022678317547	0.0010868439440617167	-1.0804651355138025e-07	0.0	-0.027181022678317547	-25.00913109635367
8	0.025	E_per_site	-0.9108969210780491	0.0005563146522003346	-0.8447466962505621	0.0009367810224598666	-0.066150224827487	0.0011624636802536614	-8.21385658075774e-08	-0.060727756237115016	-0.005422468590371987	-4.664634846216227
8	0.025	D	0.14341561667928593	0.00011785539923632294	0.11710887950698094	0.00011923773212162519	0.026306737172304983	0.00012757935360913167	5.915520211668828e-09	0.028761643837500003	-0.0024549066651950203	-19.242193942416296
8	0.025	Szz_Q	0.6375329283516435	0.002561616294246367	0.8523411527421968	0.007614838082040091	-0.21480822439055322	0.006356707546696941	1.2069953110201329e-05	-0.2767118439171866	0.0619036195266334	9.738314854330467
8	0.025	Sperp_Q	1.26963323540084	0.00770286284907481	1.7763666870075174	0.07806063251048767	-0.5067334516066777	0.08084563212433324	-0.00019160989478698133	-0.5534236878343732	0.046690236227695525	0.5775232996618813
8	0.025	S_Q	1.9071661637524835	0.008863274480789426	2.628707839749714	0.08342600773606572	-0.7215416759972308	0.08461667395301203	-6.076255478521734e-05	-0.83013553175156	0.10859385575432912	1.2833623762455104
8	0.025	SU2_Q	-0.005432621302447266	0.0077626211684608095	0.07168438152312404	0.06861854023768024	-0.0771170028255713	0.07436754711575318	-0.0003808848561292948	0.0	-0.0771170028255713	-1.036971176493674
8	0.025	Szz_0	0.001898124586727116	0.00015053959505825337	0.028389516779997744	0.0005382332980666215	-0.026491392193270628	0.00043338081213244075	6.226916225170069e-08	0.0	-0.026491392193270628	-61.127284484332186
16	0.1	E_per_site	-0.9313279910345054	0.0002837552910779129	-0.8673912961023724	0.001991930369143023	-0.06393669493213294	0.002201167930215927	-3.9841829814104847e-07	-0.060727756237115016	-0.0032089386950179266	-1.4578345663536634
16	0.1	D	0.14078563073937822	8.128272729601733e-05	0.11258781200907006	0.00038631991404959696	0.028197818730308147	0.0004423742332882325	-1.992250226469245e-08	0.028761643837500003	-0.0005638251071918565	-1.2745432820552451
16	0.1	Szz_Q	0.648175563216991	0.0016728985750361618	0.9082017203151375	0.017041651942425885	-0.26002615709814647	0.01832286715193906	-2.1255485049230706e-05	-0.2767118439171866	0.016685686819040146	0.9106482452051367
16	0.1	Sperp_Q	1.2890290807628801	0.003996810577074787	1.7592980242612113	0.037261619235616	-0.470268943498331	0.034353019474836224	0.00011213640790528423	-0.5534236878343732	0.08315474433604225	2.4205949173391748
16	0.1	S_Q	1.9372046439798711	0.004548334936295056	2.6674997445763484	0.044310994670976024	-0.7302951005964774	0.04310838696084477	6.290928652902798e-05	-0.83013553175156	0.09984043115508257	2.31603263758784
16	0.1	SU2_Q	-0.007322045671101771	0.004831182136470845	-0.05710541636906362	0.04450689510939047	0.04978337069796185	0.04287293496355498	8.305774036241226e-05	0.0	0.04978337069796185	1.1611841069495528
16	0.1	Szz_0	9.197327148684843e-05	4.649701428324449e-05	0.011301758666791114	0.0007508584537694974	-0.011209785395304265	0.000783470490782706	-2.393780999645882e-08	0.0	-0.011209785395304265	-14.307859105331993
16	0.05	E_per_site	-0.9169148117033585	0.0007409462503249504	-0.8528713799504987	0.0014895346770204753	-0.06404343175285981	0.0011061027457134052	7.721258079211807e-07	-0.060727756237115016	-0.003315675515744798	-2.997619822023207
16	0.05	D	0.14309000517565512	0.00011892822192333854	0.11482230323784735	9.636650496452867e-05	0.028267701937807758	3.8303478890735975e-05	1.0981634376896165e-08	0.028761643837500003	-0.0004939418996922455	-12.89548401337795
16	0.05	Szz_Q	0.6416196244427719	0.004463047678061989	0.9068928044624812	0.011483925726920623	-0.26527318001970934	0.013211367821022864	-1.1370447512137268e-05	-0.2767118439171866	0.011438663897477275	0.8658198040081256
16	0.05	Sperp_Q	1.2650011080863952	0.003448540756915807	1.7694561188157771	0.021137243517212728	-0.5044550107293819	0.02342656584996428	-4.5064245332325866e-05	-0.5534236878343732	0.04896867710499131	2.090305400228603
16	0.05	S_Q	1.906620732529167	0.00687262188893382	2.6763489232782582	0.010375969942699532	-0.7697281907490914	0.014822628482257762	-3.2408315621491344e-05	-0.83013553175156	0.060407341002468584	4.075346088230866
16	0.05	SU2_Q	-0.018238140799148688	0.00779257366084863	-0.04432949010918528	0.043775689447715434	0.026091349310036593	0.04747876125738975	-0.00013859878982681875	0.0	0.026091349310036593	0.5495372798079404
16	0.05	Szz_0	6.869750312291698e-07	2.489582419716642e-07	0.008124017110816277	0.0005554535610226335	-0.008123330135785048	0.0005555587765572357	-5.841688842080603e-11	0.0	-0.008123330135785048	-14.621909469462144
16	0.025	E_per_site	-0.9130391444381638	0.0006886757737092649	-0.8505246413191142	0.0016342074802899813	-0.06251450311904969	0.0016595535540004649	1.9539520566710508e-07	-0.060727756237115016	-0.00178674688193467	-1.076643099361028
16	0.025	D	0.143631906280509	0.00011881343030663459	0.11576103278223031	0.0003903057347823883	0.027870873498278707	0.0004536873465317855	-1.9688505288901448e-08	0.028761643837500003	-0.000890770339221296	-1.9634013291990462
16	0.025	Szz_Q	0.6386244827757004	0.0021395981643657436	0.885347510620748	0.00890034344389886	-0.24672302784504754	0.010824795757355796	-1.6691104732078685e-05	-0.2767118439171866	0.029988816072139074	2.7703816999744046
16	0.025	Sperp_Q	1.2572578918566286	0.004434299900348139	1.7927676951581821	0.036029340049533176	-0.5355098033015535	0.03367584855919667	9.185679191458736e-05	-0.5534236878343732	0.017913884532819724	0.531950501598498
16	0.025	S_Q	1.895882374632329	0.003192863901057662	2.6781152057789304	0.044661605031275295	-0.7822328311466011	0.04430891394060943	2.0786744631989706e-05	-0.83013553175156	0.047902700604958826	1.08110753220371
16	0.025	SU2_Q	-0.019991073694772276	0.008128195917119082	0.022072673916686304	0.01950176365848832	-0.04206374761145858	0.013367342237108377	0.0001338502580873128	0.0	-0.04206374761145858	-3.1467547449101447
16	0.025	Szz_0	1.9875718775775985e-05	1.0529084297102048e-05	0.009664710470008338	0.0011330334647472143	-0.009644834751232562	0.001133216396315079	-1.5185351206067487e-10	0.0	-0.009644834751232562	-8.511026475256642
