boundary	beta	observable	error_method	mean	se	slope	chi2	dof	p	ed	z_ed
AP/P	4	E_per_site	se	-0.8764086602142225	0.000396950792898168	-2.0324023413330115	0.08307227919398368	1	0.7731763341928015	-0.9120936825597628	89.89784876105476
AP/P	4	E_per_site	bin_1000_se	-0.8764427592298056	0.0005643532676075941	-2.0284975666338183	0.05539001821281794	1	0.8139364379191251	-0.9120936825597628	63.17128893589733
AP/P	4	E_per_site	bin_2000_se	-0.8764272069611567	0.0005181416237513447	-2.0307211666559155	0.05943822031264763	1	0.8073860692896655	-0.9120936825597628	68.83538006535895
AP/P	4	E_per_site	bin_4000_se	-0.8764247055158042	0.0005006320424932163	-2.0302527386096005	0.06163666039118561	1	0.8039275852296428	-0.9120936825597628	71.24789069896954
AP/P	4	E_per_site	bin_5000_se	-0.8764584620529864	0.0005757809223330903	-2.026980837341349	0.057375505511667466	1	0.8106932050919118	-0.9120936825597628	61.890241799573424
AP/P	4	D	se	0.1429784497803639	7.637618127722477e-05	-0.33173878043223487	2.2762143181398793	1	0.13137219259561803	0.1438872044875	-11.898404606503941
AP/P	4	D	bin_1000_se	0.1429276833407143	8.75045232675479e-05	-0.32910667403946287	2.9541961828750622	1	0.0856548893016698	0.1438872044875	-10.965389113108435
AP/P	4	D	bin_2000_se	0.14291196267007586	9.543716365459349e-05	-0.3271478389616315	2.653068284974899	1	0.10335023946330114	0.1438872044875	-10.218679810663092
AP/P	4	D	bin_4000_se	0.1429171135652238	8.366685328867226e-05	-0.3296321898112716	3.4573641530472576	1	0.06297062204528817	0.1438872044875	-11.594686356006989
AP/P	4	D	bin_5000_se	0.14289524034200377	8.712323274925516e-05	-0.32644286347319385	3.3767210701389905	1	0.0661234829737332	0.1438872044875	-11.385759161981035
AP/P	4	Szz_Q	se	0.5813879418734935	0.0022394753096991477	1.5741150922618707	0.2266142246068356	1	0.6340457741301766	0.6351713762239583	-24.01608721361167
AP/P	4	Szz_Q	bin_1000_se	0.5812158705258409	0.0021287729198002973	1.6037432545547698	0.24049706088430184	1	0.6238473415227956	0.6351713762239583	-25.34582490986356
AP/P	4	Szz_Q	bin_2000_se	0.5810842945558217	0.0019015109624756494	1.6238606894034302	0.2792531165562236	1	0.5971911688834974	0.6351713762239583	-28.444264974270016
AP/P	4	Szz_Q	bin_4000_se	0.5810443678603088	0.0017881301264977788	1.6260224561197247	0.3038525018582988	1	0.5814772675145259	0.6351713762239583	-30.270173049241286
AP/P	4	Szz_Q	bin_5000_se	0.5810027503466926	0.0017498589015197447	1.6264681918441715	0.30214025149259766	1	0.582543776018978	0.6351713762239583	-30.955996412179555
AP/P	4	Sperp_Q	se	1.1552363145681683	0.003623697603665391	3.6770006928287815	0.3623754000948144	1	0.5471899496871641	1.2703427524479165	-31.76491265808641
AP/P	4	Sperp_Q	bin_1000_se	1.1542685658936906	0.004268313774457973	3.802666087182169	0.20532955175497847	1	0.6504529453873134	1.2703427524479165	-27.194389327426133
AP/P	4	Sperp_Q	bin_2000_se	1.1540287981438422	0.003939553833456985	3.8292519656998256	0.20508430777203693	1	0.6506478635544505	1.2703427524479165	-29.52465157761483
AP/P	4	Sperp_Q	bin_4000_se	1.1541803078023836	0.004058501806786022	3.8087319940926743	0.21464725119405603	1	0.643149066420827	1.2703427524479165	-28.622001461550028
AP/P	4	Sperp_Q	bin_5000_se	1.1541958646453487	0.003952184172772308	3.7880275077771093	0.2242561220009214	1	0.6358159280567324	1.2703427524479165	-29.388025133731336
AP/P	4	S_Q	se	1.7388482629645685	0.002733568014534981	5.0278046701218075	0.8743114779670544	1	0.34976446809806255	1.9055141286718746	-60.97008189337421
AP/P	4	S_Q	bin_1000_se	1.7353526348768333	0.004145839205111226	5.440784224299612	0.5085811880939235	1	0.47575369474015305	1.9055141286718746	-41.04392027198174
AP/P	4	S_Q	bin_2000_se	1.73492417982836	0.0037647326895414003	5.497177061674789	0.5194096673013275	1	0.4710936097834451	1.9055141286718746	-45.312632505734456
AP/P	4	S_Q	bin_4000_se	1.735559081081252	0.004008852864792814	5.437805674247945	0.5851867701920448	1	0.4442864239073894	1.9055141286718746	-42.39493274578095
AP/P	4	S_Q	bin_5000_se	1.7354916715014088	0.0039084185861762285	5.40731718226467	0.5910885645027184	1	0.44199848604104686	1.9055141286718746	-43.50159877240938
AP/P	4	SU2_Q	se	-0.007676098923592991	0.006080051303869403	0.5068729282598198	2.1809011253924375e-06	1	0.9988216945350719	0.0	-1.2625056171331726
AP/P	4	SU2_Q	bin_1000_se	-0.007675724379238032	0.006959184059808391	0.5069515046129431	1.7684845097729524e-06	1	0.9989389384832332	0.0	-1.102963265990894
AP/P	4	SU2_Q	bin_2000_se	-0.007676830306979316	0.0063725671149327335	0.507084339907885	1.8710772369987225e-06	1	0.9989085953904348	0.0	-1.20466841204235
AP/P	4	SU2_Q	bin_4000_se	-0.007677518459972109	0.0059922714617409	0.5071133700346383	1.8897421361294908e-06	1	0.9989031652582453	0.0	-1.281236757879057
AP/P	4	SU2_Q	bin_5000_se	-0.007677468478325806	0.005848358324342276	0.5070590574953181	1.9770373838888616e-06	1	0.998878117537419	0.0	-1.3127561706283168
AP/P	4	Szz_0	se	0.020409463764970468	0.00016823132745998808	-0.034390763791268326	0.8151308229508287	1	0.3666076560962958	0.0	121.31785484379911
AP/P	4	Szz_0	bin_1000_se	0.020441156273388664	0.0001429842490331017	-0.03804680829419928	1.1055228915950872	1	0.293057247329349	0.0	142.96089542461712
AP/P	4	Szz_0	bin_2000_se	0.020438260121323534	0.000140006033826176	-0.03811494380305033	1.164639422512448	1	0.2805054389225394	0.0	145.98128068322103
AP/P	4	Szz_0	bin_4000_se	0.02041608270891745	0.00015865033083737915	-0.03513070412641446	0.9190328442262319	1	0.3377290439841632	0.0	128.68603929886842
AP/P	4	Szz_0	bin_5000_se	0.020425710725075888	0.00017068624135734253	-0.03505433863495076	0.7818103992308054	1	0.3765880266402779	0.0	119.66817338436412
AP/P	8	E_per_site	se	-0.9099493817366511	0.00047778945416365824	-2.0030095791436957	0.7913606919675593	1	0.37368899903812886	-0.9120936825597628	4.487961809172091
AP/P	8	E_per_site	bin_1000_se	-0.9099996846317385	0.0006217599489666633	-1.9920467852568762	0.47924136742951945	1	0.4887661470740881	-0.9120936825597628	3.3678559249503865
AP/P	8	E_per_site	bin_2000_se	-0.9100821052678142	0.0006330977601546803	-1.984018495425798	0.47152736021705444	1	0.4922853493706286	-0.9120936825597628	3.1773565135613313
AP/P	8	E_per_site	bin_4000_se	-0.910120123585275	0.0005699742909814117	-1.9803469691232722	0.5730184067788535	1	0.4490619687870159	-0.9120936825597628	3.462540338599345
AP/P	8	E_per_site	bin_5000_se	-0.9100121285128032	0.000544534648181685	-1.9988117439351187	0.6488891766308789	1	0.4205101080293968	-0.9120936825597628	3.8226292007501756
AP/P	8	D	se	0.14356731197180078	7.239890930504567e-05	-0.30934985177958163	0.1850251660658359	1	0.6670897912501561	0.1438872044875	-4.418471476571367
AP/P	8	D	bin_1000_se	0.14359029318898645	9.26389342949699e-05	-0.31205631437587994	0.11476149593925725	1	0.7347870247298258	0.1438872044875	-3.205037933275099
AP/P	8	D	bin_2000_se	0.143593251755432	9.613538040138358e-05	-0.3121485789374332	0.09695103700415349	1	0.7555196504908888	0.1438872044875	-3.057695625072629
AP/P	8	D	bin_4000_se	0.14359730319150296	9.081048762698699e-05	-0.3124121697907174	0.09136788841637054	1	0.7624453184700808	0.1438872044875	-3.192376823124655
AP/P	8	D	bin_5000_se	0.14358823902176512	9.503707862896732e-05	-0.3116501502004326	0.11265588521809344	1	0.7371404738746825	0.1438872044875	-3.1457771013991875
AP/P	8	Szz_Q	se	0.6359767492280259	0.002301683356625405	0.8272576996143639	0.5538624970652112	1	0.45674376068190625	0.6351713762239583	0.34990608145530494
AP/P	8	Szz_Q	bin_1000_se	0.6358126848115893	0.0023917729236638784	0.8174305075401562	0.566397005802103	1	0.4516942129948082	0.6351713762239583	0.26813105093965484
AP/P	8	Szz_Q	bin_2000_se	0.6356485701595741	0.0025747921478041845	0.8456076765901479	0.5089464052126746	1	0.475595305218505	0.6351713762239583	0.18533299319823018
AP/P	8	Szz_Q	bin_4000_se	0.6358115876825429	0.00264912055161943	0.8454838829429585	0.44950640986957935	1	0.5025694456713287	0.6351713762239583	0.24166943183965323
AP/P	8	Szz_Q	bin_5000_se	0.6353329404693384	0.0026958554629971728	0.8766270710271142	0.48879144484275594	1	0.4844669090455169	0.6351713762239583	0.05993060369807111
AP/P	8	Sperp_Q	se	1.2717664508718576	0.005661132036877532	1.7580479445570965	0.32136124357071466	1	0.5707907335812583	1.2703427524479165	0.2514865250742917
AP/P	8	Sperp_Q	bin_1000_se	1.2728598572016887	0.007030230393987314	1.5917599700949046	0.16740812383464035	1	0.6824256380474079	1.2703427524479165	0.358040151276548
AP/P	8	Sperp_Q	bin_2000_se	1.272541400363505	0.007176986170997151	1.6270714434935496	0.1755379132962982	1	0.6752362673766201	1.2703427524479165	0.30634696280638957
AP/P	8	Sperp_Q	bin_4000_se	1.2730138241757067	0.007073964374627654	1.5788670333870007	0.156910743373824	1	0.6920167942776057	1.2703427524479165	0.37759191117368845
AP/P	8	Sperp_Q	bin_5000_se	1.2725282370855933	0.006976448715738419	1.6532339425299494	0.18899865163539004	1	0.6637513409378963	1.2703427524479165	0.3132660651179801
AP/P	8	S_Q	se	1.9070214569232735	0.005986894627659596	2.6192515253475355	0.04563327279115362	1	0.8308438244328882	1.9055141286718746	0.2517713013412636
AP/P	8	S_Q	bin_1000_se	1.9071938788291296	0.007330465728503387	2.579701340077591	0.027158381260747638	1	0.8691029771972189	1.9055141286718746	0.229146444368946
AP/P	8	S_Q	bin_2000_se	1.9070098103630466	0.007592975816770171	2.5970014322353148	0.027616404293852835	1	0.8680138494851739	1.9055141286718746	0.1969822803687262
AP/P	8	S_Q	bin_4000_se	1.9071849074315044	0.0076412992237008415	2.580763365395289	0.02513957671071536	1	0.8740197615622338	1.9055141286718746	0.21865113650405366
AP/P	8	S_Q	bin_5000_se	1.9070058139946524	0.007799624682144717	2.6054962309547403	0.02649243696235379	1	0.8707034866605098	1.9055141286718746	0.19125091059735327
AP/P	8	SU2_Q	se	-0.0017878683091030923	0.007019509039302536	0.24678108587686387	0.812942526849256	1	0.36725171934992135	0.0	-0.2546999083686252
AP/P	8	SU2_Q	bin_1000_se	0.002583807822241971	0.009543994013201022	-0.19780597778720851	0.5063642291062789	1	0.47671700336688294	0.0	0.2707260522867167
AP/P	8	SU2_Q	bin_2000_se	0.0025756609089141813	0.009448737935511358	-0.1904429385180197	0.5177358319258587	1	0.47180911288956034	0.0	0.27259311523860025
AP/P	8	SU2_Q	bin_4000_se	0.002985524545703629	0.00993501967680116	-0.27067669280378887	0.44979248065400096	1	0.5024335184582115	0.0	0.3005051467260804
AP/P	8	SU2_Q	bin_5000_se	0.0030175469565899477	0.008526844741098525	-0.18642534091726898	0.6227357094288996	1	0.43003249233002455	0.0	0.3538878739102259
AP/P	8	Szz_0	se	0.0019015821739175325	0.00011556772959682466	-0.00349231774562914	0.00014822536170980733	1	0.9902861679110443	0.0	16.45426608752709
AP/P	8	Szz_0	bin_1000_se	0.001901488541272702	8.381804496920322e-05	-0.003468295069040227	0.00028416194975608444	1	0.9865506140792736	0.0	22.685909006483687
AP/P	8	Szz_0	bin_2000_se	0.0019015013474289496	8.556751062973278e-05	-0.003473934029429651	0.00027173797823985905	1	0.9868478860564132	0.0	22.22223520860756
AP/P	8	Szz_0	bin_4000_se	0.0019013314592573585	9.708585054618705e-05	-0.003461678392340605	0.000202223364777946	1	0.9886540441203001	0.0	19.584022270607086
AP/P	8	Szz_0	bin_5000_se	0.0019013851166936378	0.00010654186630190949	-0.003470014965962969	0.0001698720298242558	1	0.9896010688212598	0.0	17.84636577799051
AP/P	16	E_per_site	se	-0.9119226652828303	0.00059126050939086	-1.9409426095801283	0.055482434705677694	1	0.8137841291408259	-0.9120936825597628	0.2892418387770583
AP/P	16	E_per_site	bin_1000_se	-0.9119862774544293	0.0006261960819764404	-1.9363821882365349	0.05404201565661844	1	0.8161734619956371	-0.9120936825597628	0.17151992550715126
AP/P	16	E_per_site	bin_2000_se	-0.9119767675847869	0.0006383481632472482	-1.9373856782913201	0.05279926753732006	1	0.8182620178753679	-0.9120936825597628	0.18315236372132743
AP/P	16	E_per_site	bin_4000_se	-0.9119629077322118	0.0005765981516545438	-1.9388147355519905	0.06513569013602949	1	0.7985555424198432	-0.9120936825597628	0.22680410468836057
AP/P	16	E_per_site	bin_5000_se	-0.9119990278817593	0.000647209078625716	-1.9339064752935389	0.04822170400510154	1	0.826187046922033	-0.9120936825597628	0.1462505411765743
AP/P	16	D	se	0.14383561115175206	9.99558591681058e-05	-0.30484385799300195	0.03191769689578236	1	0.858208412286005	0.1438872044875	-0.5161611953249904
AP/P	16	D	bin_1000_se	0.14383720700645572	9.560700934053908e-05	-0.30483744498631427	0.03665619744504349	1	0.8481667181419725	0.1438872044875	-0.5229478611364113
AP/P	16	D	bin_2000_se	0.1438374304101827	9.994724391303298e-05	-0.30490107196779054	0.03353128303567932	1	0.8547074012414646	0.1438872044875	-0.49800350033267315
AP/P	16	D	bin_4000_se	0.14383993660689348	9.640619875463018e-05	-0.30526094021609107	0.03633531827217435	1	0.8488246887958267	0.1438872044875	-0.49029918425501345
AP/P	16	D	bin_5000_se	0.14384157045524634	0.00010371273052165054	-0.30545141280664967	0.0310583674519487	1	0.8601102339185638	0.1438872044875	-0.44000415401400006
AP/P	16	Szz_Q	se	0.6381705675223962	0.002137533607198835	1.0031443295497169	0.05126453389757171	1	0.8208773200685029	0.6351713762239583	1.4031083714132997
AP/P	16	Szz_Q	bin_1000_se	0.6383949361346287	0.002399019094956876	0.9916367185894829	0.07637986956245901	1	0.7822646011617906	0.6351713762239583	1.343699146641605
AP/P	16	Szz_Q	bin_2000_se	0.6384331063489436	0.002326640702050576	0.9892922569879934	0.08572237415960296	1	0.7696873847331387	0.6351713762239583	1.4019053832036052
AP/P	16	Szz_Q	bin_4000_se	0.6383483805298553	0.0019758611472804155	0.9973551221015744	0.10483293218050523	1	0.7461052492746278	0.6351713762239583	1.6079086884571379
AP/P	16	Szz_Q	bin_5000_se	0.6383688593882263	0.0020968062124709823	1.0001418165905014	0.09769657563769	1	0.7546115415933554	0.6351713762239583	1.5249302225692898
AP/P	16	Sperp_Q	se	1.2560559700178464	0.0033935650557778666	3.3149798560891446	0.07681481373374466	1	0.7816612025708233	1.2703427524479165	-4.209962736899794
AP/P	16	Sperp_Q	bin_1000_se	1.2558071113042188	0.005592820538502064	3.335394933718604	0.02592417956780932	1	0.8720856236794202	1.2703427524479165	-2.5989822208010205
AP/P	16	Sperp_Q	bin_2000_se	1.255847417821265	0.005576077278674683	3.3317850992961136	0.02671942546966261	1	0.8701556535162703	1.2703427524479165	-2.5995577001932553
AP/P	16	Sperp_Q	bin_4000_se	1.255791220714843	0.005423157965222767	3.3329483344282314	0.027071727337382463	1	0.8693100891861217	1.2703427524479165	-2.6832210727381645
AP/P	16	Sperp_Q	bin_5000_se	1.2556421864102068	0.0037045937853101714	3.363878432110527	0.052235211633231346	1	0.8192185045370627	1.2703427524479165	-3.968199184483307
AP/P	16	S_Q	se	1.8935093223867994	0.003223509292283215	4.38828408042949	0.11212275045201228	1	0.7377402371252153	1.9055141286718746	-3.7241419820981063
AP/P	16	S_Q	bin_1000_se	1.8942184997397842	0.005646954466676943	4.325985654384599	0.07788482574492007	1	0.7801845596014103	1.9055141286718746	-2.0003045887383593
AP/P	16	S_Q	bin_2000_se	1.8941970574282903	0.0054398203020812235	4.33381993779992	0.08363293217513892	1	0.7724332372537415	1.9055141286718746	-2.0804127002604447
AP/P	16	S_Q	bin_4000_se	1.894206136206081	0.005399172268874051	4.321365410726557	0.0841664578949658	1	0.7717285973580968	1.9055141286718746	-2.0943937149373277
AP/P	16	S_Q	bin_5000_se	1.8937418372806594	0.003523531898369155	4.402598381763581	0.14528011008651276	1	0.7030872879711171	1.9055141286718746	-3.3410486213177197
AP/P	16	SU2_Q	se	-0.021256883156193743	0.006710540394730097	1.389976795750066	0.005866422576227133	1	0.9389476657328598	0.0	-3.1676857459776473
AP/P	16	SU2_Q	bin_1000_se	-0.021193492893666895	0.008080429088003901	1.3795634780410946	0.003845582527886544	1	0.950552669746052	0.0	-2.6228177566870152
AP/P	16	SU2_Q	bin_2000_se	-0.021249534116272707	0.008151413128381052	1.3860444908494427	0.003994737962021962	1	0.9496041078263066	0.0	-2.6068527973741733
AP/P	16	SU2_Q	bin_4000_se	-0.021176569504084947	0.007369496747538066	1.379386378495054	0.004492415759185386	1	0.9465614140089569	0.0	-2.873543503653682
AP/P	16	SU2_Q	bin_5000_se	-0.02118763744422496	0.0063923490775935005	1.3755871415146148	0.006169342982069904	1	0.9373944045053272	0.0	-3.314530728381526
AP/P	16	Szz_0	se	1.032951463952014e-06	1.0405474586697115e-05	-0.0001331000378029524	7.171872521146874	1	0.007405543573240362	0.0	0.09927000016631546
AP/P	16	Szz_0	bin_1000_se	-3.1925223664791085e-06	1.2270319619353949e-05	0.0015574600429753573	5.194243874523815	1	0.02266181172329858	0.0	-0.26018249446767056
AP/P	16	Szz_0	bin_2000_se	-3.4023717264561424e-06	1.2133434018213815e-05	0.0016412417081641435	5.307690229871758	1	0.021231486848037297	0.0	-0.2804129252566712
AP/P	16	Szz_0	bin_4000_se	-3.820416889316497e-06	1.1836804716332945e-05	0.0018100697117486345	5.565417188132939	1	0.01831864487272036	0.0	-0.32275744855745714
AP/P	16	Szz_0	bin_5000_se	-3.893405642841139e-06	1.1704373575193461e-05	0.0018371485034659205	5.690387228006735	1	0.017058090116808023	0.0	-0.33264536695008773
P/P	4	E_per_site	se	-0.802750848578976	0.0005674802630001465	-1.7878409762166	0.1333549397772312	1	0.7149785720432625	-0.8513659263226477	85.66831467697959
P/P	4	E_per_site	bin_1000_se	-0.8028970642081406	0.0006391891852924737	-1.772387649597702	0.11102563172215146	1	0.7389794765151394	-0.8513659263226477	75.82866423550219
P/P	4	E_per_site	bin_2000_se	-0.8028862086173502	0.0006336019536142494	-1.7725646439887388	0.11709156310482355	1	0.7322105855560195	-0.8513659263226477	76.51447005293339
P/P	4	E_per_site	bin_4000_se	-0.8028494585802863	0.0006391045148114123	-1.7776131034998393	0.12044803013345926	1	0.7285490718838488	-0.8513659263226477	75.91319826097254
P/P	4	E_per_site	bin_5000_se	-0.8028490666135383	0.0006642167904406471	-1.7773542241419105	0.11179229767008596	1	0.7381127846613593	-0.8513659263226477	73.04371164258428
P/P	4	D	se	0.1260058513543785	8.531031722640074e-05	-0.3051378262627945	0.11725857508643742	1	0.7320270180225188	0.11512556065	127.53780618941842
P/P	4	D	bin_1000_se	0.12601392084699084	9.670640692035843e-05	-0.30569423520601174	0.07631230440328496	1	0.7823585002008274	0.11512556065	112.59192171163838
P/P	4	D	bin_2000_se	0.1260124492390277	9.91918073019278e-05	-0.30543669734095374	0.07535130195683956	1	0.7836989312982927	0.11512556065	109.75592526396206
P/P	4	D	bin_4000_se	0.1260144511685627	8.769535904896078e-05	-0.30590308159909463	0.09208866896361527	1	0.7615384509451925	0.11512556065	124.16723800039826
P/P	4	D	bin_5000_se	0.1260246904865991	6.765637507935107e-05	-0.3068384100326203	0.07506528906793078	1	0.7840996427278226	0.11512556065	161.09538567231834
P/P	4	Szz_Q	se	0.6376571137441779	0.0022526790741363083	2.690419923389752	1.4611900376957454	1	0.22674086820779923	0.9118832201411449	-121.73332169035531
P/P	4	Szz_Q	bin_1000_se	0.6370546413564049	0.0032518434504883297	2.7165407705223337	0.577592779844262	1	0.44725742423829656	0.9118832201411449	-84.51470157441587
P/P	4	Szz_Q	bin_2000_se	0.6367716663313099	0.0030758805217102154	2.7293694403408386	0.5544600634180704	1	0.45650101945498756	0.9118832201411449	-89.44156051187277
P/P	4	Szz_Q	bin_4000_se	0.6371254291109699	0.0028746610155633854	2.712087085429542	0.7614880074494697	1	0.3828632553496006	0.9118832201411449	-95.57919683143128
P/P	4	Szz_Q	bin_5000_se	0.6371417924092615	0.0032261736892203233	2.68613206491349	0.5977020715409205	1	0.4394561354692448	0.9118832201411449	-85.16014765413351
P/P	4	Sperp_Q	se	1.2785964969659245	0.005275128698267639	1.9584567858363013	0.09081457384004654	1	0.7631441366814067	1.8237664402822897	-103.34723084488915
P/P	4	Sperp_Q	bin_1000_se	1.2786713781433594	0.01033536715990667	1.9862060916581854	0.022937542951767358	1	0.8796196030194308	1.8237664402822897	-52.74075450879799
P/P	4	Sperp_Q	bin_2000_se	1.2787134544092278	0.009916355826433106	1.9766726410129793	0.025088227249591574	1	0.8741474158779395	1.8237664402822897	-54.965049198836226
P/P	4	Sperp_Q	bin_4000_se	1.2786396551577612	0.009992864560816694	1.9842241783819297	0.02462371005528092	1	0.875308340249214	1.8237664402822897	-54.551603477349296
P/P	4	Sperp_Q	bin_5000_se	1.2788863182843857	0.010575666233238853	1.9556099747793958	0.02192552481360445	1	0.8822853932863007	1.8237664402822897	-51.52206111472862
P/P	4	S_Q	se	1.9165461084014859	0.004730489489872796	4.629187638782441	0.05482572688810432	1	0.8148693518343761	2.7356496604234346	-173.15407925025843
P/P	4	S_Q	bin_1000_se	1.9169972118239715	0.01084210151853896	4.541647651954774	0.011802443805764017	1	0.9134887843560247	2.7356496604234346	-75.50680531810603
P/P	4	S_Q	bin_2000_se	1.916988880398483	0.010387328189637288	4.542202051088593	0.012846058364929695	1	0.9097606467190066	2.7356496604234346	-78.81341236928206
P/P	4	S_Q	bin_4000_se	1.917220171111882	0.009954678839779782	4.51923479599305	0.01369448281949852	1	0.9068414877724689	2.7356496604234346	-82.21555938510399
P/P	4	S_Q	bin_5000_se	1.9168717175862313	0.010641657953473662	4.557584698528237	0.012072974030037372	1	0.9125068552096847	2.7356496604234346	-76.94082504972233
P/P	4	SU2_Q	se	-0.00028921464859520477	0.007451908161466074	-2.9888049826295684	0.8134622108571907	1	0.36709862278022154	0.0	-0.03881081762262422
P/P	4	SU2_Q	bin_1000_se	0.002765213736515176	0.01280261549529209	-3.2524234133943057	0.3049116734321006	1	0.580819501684216	0.0	0.21598818909558198
P/P	4	SU2_Q	bin_2000_se	0.0035880978515406368	0.012420415017263084	-3.363472333569325	0.3146986888482124	1	0.5748110934016114	0.0	0.28888711420299196
P/P	4	SU2_Q	bin_4000_se	0.0039013539647224163	0.012177911478910097	-3.405236749118789	0.32124726429781214	1	0.570859047213931	0.0	0.3203631403856765
P/P	4	SU2_Q	bin_5000_se	0.003387701865350071	0.013337933815648448	-3.3352883197770593	0.27547501494449134	1	0.59968250778389	0.0	0.25399000416207806
P/P	4	Szz_0	se	0.06236035751879734	0.00047428579267027124	-0.1373531281098443	0.8527208871870893	1	0.3557837498605396	0.0	131.48265978557563
P/P	4	Szz_0	bin_1000_se	0.062392797142137524	0.00044484164627783227	-0.14639297581558763	0.9480242905368228	1	0.3302227075062245	0.0	140.25844401980564
P/P	4	Szz_0	bin_2000_se	0.06245262378370188	0.0004126347099707943	-0.15049528814115226	0.9681236645989033	1	0.3251485777164709	0.0	151.3508734835278
P/P	4	Szz_0	bin_4000_se	0.06235826540668415	0.00043737702994400395	-0.14139673225612312	1.0219560807301213	1	0.3120554702572408	0.0	142.57325176557097
P/P	4	Szz_0	bin_5000_se	0.0623027246215103	0.0004412471543398833	-0.13448777169305876	1.0480303922123126	1	0.30596114166231214	0.0	141.19688707050526
P/P	8	E_per_site	se	-0.8434381052093858	0.0010436974486107908	-2.621800555417715	0.6114525951801179	1	0.4342414060525673	-0.8513659263226477	7.595899677453701
P/P	8	E_per_site	bin_1000_se	-0.8435551926806395	0.0009144124199713103	-2.5125357950145655	0.8088201183507926	1	0.3684693131199249	-0.8513659263226477	8.541806160346445
P/P	8	E_per_site	bin_2000_se	-0.8435107373615237	0.0009308176807358077	-2.5568005472894364	0.7844381313672235	1	0.3757872289570004	-0.8513659263226477	8.439019932361546
P/P	8	E_per_site	bin_4000_se	-0.8434136698276936	0.0008509403952642266	-2.5601782661537555	0.7436165278412349	1	0.38850483250558393	-0.8513659263226477	9.345256776163339
P/P	8	E_per_site	bin_5000_se	-0.8434026193187704	0.0008125414924908382	-2.630804959603114	0.9431600141430403	1	0.33146648973101006	-0.8513659263226477	9.80049274710382
P/P	8	D	se	0.11741182727846665	0.0001479749180754222	-0.5369083913993535	0.6743254294209333	1	0.41154761787380534	0.11512556065	15.450365901208665
P/P	8	D	bin_1000_se	0.11736238301202033	0.00018817997696084248	-0.491161907566742	0.5378370780602445	1	0.46333049625511097	0.11512556065	11.886611945360054
P/P	8	D	bin_2000_se	0.11736039270267903	0.00021272883817864075	-0.49075855762781717	0.4307145165846008	1	0.5116385539910595	0.11512556065	10.505543450589034
P/P	8	D	bin_4000_se	0.11737932819885574	0.000179445748306386	-0.4887595143311912	0.4163248956662482	1	0.5187765697279585	0.11512556065	12.559604059315216
P/P	8	D	bin_5000_se	0.11737735268541828	0.00017680250940841797	-0.5115417695461516	0.6389112701849823	1	0.42410531715120425	0.11512556065	12.736199519751098
P/P	8	Szz_Q	se	0.8463937110867361	0.0072261589226436575	2.980328455416593	1.3263887363925737	1	0.2494486828081253	0.9118832201411449	-9.06283819045177
P/P	8	Szz_Q	bin_1000_se	0.8435294413668024	0.009291276205320014	3.2287732344900757	1.0954491001191757	1	0.2952670103189964	0.9118832201411449	-7.356769647554374
P/P	8	Szz_Q	bin_2000_se	0.8444744509970844	0.009096444481487161	3.158409673114352	1.0615416689543677	1	0.30286382925020566	0.9118832201411449	-7.41045243350289
P/P	8	Szz_Q	bin_4000_se	0.8428583253278088	0.008872445405236075	3.29390790498912	1.245026453979976	1	0.26450452798771945	0.9118832201411449	-7.779692256274805
P/P	8	Szz_Q	bin_5000_se	0.8417965484967868	0.009170201831264572	3.3349584119445987	1.2206874550816513	1	0.2692257808721312	0.9118832201411449	-7.64287121853818
P/P	8	Sperp_Q	se	1.7641190207542985	0.03199783008963271	0.5230980809813242	0.02657417324382018	1	0.8705059408774629	1.8237664402822897	-1.8641082648700293
P/P	8	Sperp_Q	bin_1000_se	1.764435865120727	0.039290919284432284	0.6479795048819932	0.01851443570365394	1	0.8917677130993966	1.8237664402822897	-1.5100327567309035
P/P	8	Sperp_Q	bin_2000_se	1.7647583244075273	0.040863098218019034	0.6160899843032943	0.018980726209256154	1	0.8904217550122616	1.8237664402822897	-1.4440440996405437
P/P	8	Sperp_Q	bin_4000_se	1.764496967564085	0.03859633302323004	0.634117722779873	0.019656723339978713	1	0.8885000464794133	1.8237664402822897	-1.535624451227846
P/P	8	Sperp_Q	bin_5000_se	1.7638610472753267	0.03355872729695006	0.7085171690846706	0.01995653617016208	1	0.8876585405423061	1.8237664402822897	-1.785091325927831
P/P	8	S_Q	se	2.599132498306482	0.039533681891623346	4.395776462127971	0.12494015326983032	1	0.7237370567556232	2.7356496604234346	-3.4531861335657403
P/P	8	S_Q	bin_1000_se	2.597986804160473	0.038526408017246626	4.875306532864075	0.10668418967448201	1	0.7439511861967739	2.7356496604234346	-3.5732076606086873
P/P	8	S_Q	bin_2000_se	2.598407117949966	0.039230518315087934	4.803612855060698	0.10993683378553147	1	0.7402160610903927	2.7356496604234346	-3.49836169308743
P/P	8	S_Q	bin_4000_se	2.599310172230997	0.040732146685092264	4.671462314942622	0.11492655395392072	1	0.7346035592134375	2.7356496604234346	-3.3472207896751254
P/P	8	S_Q	bin_5000_se	2.597079089324892	0.03506841979807845	4.911276422398533	0.11151767324473882	1	0.7384228581844893	2.7356496604234346	-3.951434706679759
P/P	8	SU2_Q	se	0.0965697390894002	0.03128919810382599	-7.52730754168494	0.10318310676201488	1	0.7480427115387849	0.0	3.0863603077635866
P/P	8	SU2_Q	bin_1000_se	0.09474509589214253	0.05101080331989376	-7.548331362964164	0.04772006521047764	1	0.8270791131649287	0.0	1.8573535354459472
P/P	8	SU2_Q	bin_2000_se	0.09358224344720258	0.05344881618168953	-7.473618612782556	0.04807539244460521	1	0.8264467289623796	0.0	1.7508758871120131
P/P	8	SU2_Q	bin_4000_se	0.0963209930491592	0.044653384972724294	-7.755970012388994	0.05001913458496717	1	0.8230299815096983	0.0	2.1570815540186956
P/P	8	SU2_Q	bin_5000_se	0.0965008115441511	0.04204021105841048	-7.796075829241081	0.05447553338557235	1	0.8154508574424135	0.0	2.2954407010486535
P/P	8	Szz_0	se	0.028558777148507644	0.0005309681564958786	-0.03506268747691015	0.4671896217012994	1	0.49428292302121113	0.0	53.78623331572488
P/P	8	Szz_0	bin_1000_se	0.028667111354831985	0.0006294634621991886	-0.04308208504761238	0.4929302828613087	1	0.48262307611223293	0.0	45.542137195185624
P/P	8	Szz_0	bin_2000_se	0.028619804263590756	0.0005630151464835264	-0.036458469090879894	0.545687041469532	1	0.460085341403215	0.0	50.83309826093313
P/P	8	Szz_0	bin_4000_se	0.028627636786179696	0.0004899342701740609	-0.03545889186870005	0.7444478040951206	1	0.38823980247829604	0.0	58.43158670245509
P/P	8	Szz_0	bin_5000_se	0.028573004840683366	0.0005058762930367125	-0.02956613611541578	0.5734514436375114	1	0.4488906550308868	0.0	56.48219779022095
P/P	16	E_per_site	se	-0.8488410004045874	0.001357819313771093	-1.8350948145626849	0.25788769403297573	1	0.6115750651395919	-0.8513659263226477	1.8595448543501631
P/P	16	E_per_site	bin_1000_se	-0.8488267551426596	0.000853913383412598	-1.8097731256902065	0.6985124318171734	1	0.40328399058083586	-0.8513659263226477	2.9735699537118663
P/P	16	E_per_site	bin_2000_se	-0.8488735087541348	0.0008114684316803774	-1.8033282354893532	0.7574867429019605	1	0.38411618620402543	-0.8513659263226477	3.0714904871304296
P/P	16	E_per_site	bin_4000_se	-0.8488985787858628	0.0009003463364296929	-1.811592590215836	0.5896304434818407	1	0.44256205951631683	-0.8513659263226477	2.740442690719579
P/P	16	E_per_site	bin_5000_se	-0.848970565312943	0.0008366623277507673	-1.804399087370106	0.6378044275061016	1	0.42450696577148184	-0.8513659263226477	2.862996133869522
P/P	16	D	se	0.11562735999504306	0.00016931915690704142	-0.31200472641821997	0.8200934692054511	1	0.3651528390539874	0.11512556065	2.9636300712184367
P/P	16	D	bin_1000_se	0.11580740258536915	0.00017655058515739984	-0.3410854900993616	1.480569113858357	1	0.2236855003897183	0.11512556065	3.862020251936658
P/P	16	D	bin_2000_se	0.11577412786201086	0.00018229797291485203	-0.33500028147647865	1.402515020945661	1	0.23630292769574032	0.11512556065	3.557731343034679
P/P	16	D	bin_4000_se	0.11578488525853325	0.00018131147046237644	-0.33622603115898275	1.4130451405246292	1	0.23455153967807976	0.11512556065	3.6364197303781145
P/P	16	D	bin_5000_se	0.11579394160943632	0.00017866880032170354	-0.33958272909004467	1.470000956643963	1	0.2253455427648749	0.11512556065	3.7408935316790597
P/P	16	Szz_Q	se	0.8893940833363838	0.008396992135004533	2.388466779822754	1.4837207895838438	1	0.22319327644904385	0.9118832201411449	-2.678237211990543
P/P	16	Szz_Q	bin_1000_se	0.8912599273192477	0.010909721136802311	1.9869749134707828	0.9958195259846531	1	0.31832417900372056	0.9118832201411449	-1.8903593009657718
P/P	16	Szz_Q	bin_2000_se	0.8909884947321248	0.011080286450643375	2.0178237944500674	0.9482087790401845	1	0.33017565663986437	0.9118832201411449	-1.8857567899615804
P/P	16	Szz_Q	bin_4000_se	0.8912047233598183	0.012029604886908985	1.9066598332700253	0.8048715693865486	1	0.36964082995007896	0.9118832201411449	-1.7189672458677037
P/P	16	Szz_Q	bin_5000_se	0.8886869682766233	0.008505609397389492	2.324186214422186	1.2916374758608826	1	0.255746403897696	0.9118832201411449	-2.727171068029631
P/P	16	Sperp_Q	se	1.7814216710874355	0.02435575088896558	-2.558508013609823	0.20714379503013025	1	0.6490153385643788	1.8237664402822897	-1.7385942805827665
P/P	16	Sperp_Q	bin_1000_se	1.7839253303615015	0.02756311341227685	-2.8306375497844156	0.17048874273628764	1	0.6796778113754787	1.8237664402822897	-1.44545027714622
P/P	16	Sperp_Q	bin_2000_se	1.783950281388677	0.02479500137828776	-2.9685693233000574	0.2147464948363264	1	0.6430723162995111	1.8237664402822897	-1.6058139415341435
P/P	16	Sperp_Q	bin_4000_se	1.784000429214793	0.026611382561863316	-2.820495826203252	0.18243234226269378	1	0.669291203496645	1.8237664402822897	-1.494323377413889
P/P	16	Sperp_Q	bin_5000_se	1.7832921317000512	0.024391897977702564	-2.766681971784255	0.21701781641777146	1	0.6413216480807624	1.8237664402822897	-1.6593341206673398
P/P	16	S_Q	se	2.679231705282553	0.018922697503339102	-1.163617286927431	8.703502800510817e-05	1	0.9925564382004349	2.7356496604234346	-2.9814964346878208
P/P	16	S_Q	bin_1000_se	2.6790636729938755	0.026020467585822167	-1.1474879886551854	8.87738241425431e-05	1	0.9924824538979469	2.7356496604234346	-2.174672197681461
P/P	16	S_Q	bin_2000_se	2.679066758151388	0.02542135273121725	-1.1471964768057243	9.333318166542306e-05	1	0.9922918289875446	2.7356496604234346	-2.2258021778110617
P/P	16	S_Q	bin_4000_se	2.679093578444019	0.026513912229130077	-1.1511006159543626	8.36308008362914e-05	1	0.9927034571731633	2.7356496604234346	-2.1330719318471307
P/P	16	S_Q	bin_5000_se	2.679068986142281	0.024922813961988872	-1.1474291452463805	9.704726933738991e-05	1	0.9921399610712512	2.7356496604234346	-2.2702361927287855
P/P	16	SU2_Q	se	0.020618028168567042	0.02004557298994013	-8.667098295857201	1.1420425091967963	1	0.28522114842201024	0.0	1.028557685974564
P/P	16	SU2_Q	bin_1000_se	-0.0006406822317262528	0.041012592900971326	-6.541167351838586	0.6860707598304471	1	0.4075040851224984	0.0	-0.015621597816876366
P/P	16	SU2_Q	bin_2000_se	0.002178007554822569	0.03623061270108502	-7.230230128007267	0.8659425155548336	1	0.35208104640645715	0.0	0.0601151179195306
P/P	16	SU2_Q	bin_4000_se	0.0047364251633299805	0.038744468971129827	-6.894953973112113	0.7016307101378111	1	0.402236293945782	0.0	0.12224777598214845
P/P	16	SU2_Q	bin_5000_se	0.0021244875828854114	0.03321007627429845	-6.800437200496511	1.0098289000723988	1	0.31494383274428994	0.0	0.06397117445133872
P/P	16	Szz_0	se	0.007792371418857259	0.000660511578820059	0.3326646854813663	3.0275353810809342	1	0.0818622785375602	0.0	11.797478906846097
P/P	16	Szz_0	bin_1000_se	0.008679315512956554	0.0010320523407955807	0.22774427072395192	1.395479443216122	1	0.23748192795874354	0.0	8.40976292565347
P/P	16	Szz_0	bin_2000_se	0.00843971400182753	0.0010094214221481618	0.242281437291252	1.5952147243351142	1	0.2065826745336081	0.0	8.360942037337463
P/P	16	Szz_0	bin_4000_se	0.008374656901466415	0.001062533785376537	0.2567501564293979	1.4362626172383495	1	0.23074508897539914	0.0	7.881779400076801
P/P	16	Szz_0	bin_5000_se	0.008556938246355814	0.0010089650900227194	0.21696618525186775	1.5810410367719596	1	0.20861080427027198	0.0	8.480906159164668
