beta	observable	mean	se	slope	chi2	dof	p	ed	z_ed
4	E_per_site	-0.8031610077331875	0.0012583951721628047	-1.5847655973738974	1.1624410485722833e-25	0		-0.8513659263226477	38.306662053232735
4	D	0.1260451530407524	0.0001430057339400718	-0.3298277865403301	1.806097532608955e-26	0		0.11512556065	76.35772419676805
4	Szz_Q	0.6342315927279117	0.0036201017490846855	4.975564286075832	4.275125077692243e-28	0		0.9118832201411449	-76.69718882443986
4	Sperp_Q	1.2810565518620873	0.00971940525129879	0.6014630170554368	3.017703102546524e-27	0		1.8237664402822897	-55.83776726952309
4	S_Q	1.9152881445899985	0.007158297552014365	5.577027303131151	8.937342069008894e-27	0		2.7356496604234346	-114.60288006644598
4	SU2_Q	0.012593366406263918	0.016110521024253987	-9.349665555096337	3.301168487714734e-31	0		0.0	0.7816858553056676
4	Szz_0	0.0629216781343541	0.000771004253674985	-0.5303418412687998	2.9752381977204235e-28	0		0.0	81.61002722674807
8	E_per_site	-0.8428417476780348	0.0012926482456173298	-3.0479177160436532	2.9612350830033774e-27	0		-0.8513659263226477	6.5943528516081935
8	D	0.11747115383120058	0.00016466958987428098	-0.5796389187513978	1.1611085379049462e-26	0		0.11512556065	14.244240135603345
8	Szz_Q	0.8557180397223274	0.010852009413694188	-5.403019168208975	1.0407924608971662e-31	0		0.9118832201411449	-5.175555814386083
8	Sperp_Q	1.7802958017656128	0.10426565226401449	-6.28658361295263	1.772493216527114e-29	0		1.8237664402822897	-0.4169219447896758
8	S_Q	2.6360138414879395	0.11157953330287665	-11.689602781161547	5.593906279984781e-28	0		2.7356496604234346	-0.892957839006541
8	SU2_Q	0.0688597223209583	0.09176377755865925	4.519454723465183	3.078797056874435e-32	0		0.0	0.7504020012356214
8	Szz_0	0.02816103709630091	0.0007877446393331652	0.36556749391493115	5.965159740913047e-32	0		0.0	35.74894158612053
16	E_per_site	-0.8497423951086528	0.002234797007242447	-1.2515939367383782	4.497105680647506e-27	0		-0.8513659263226477	0.7264781582995972
16	D	0.11607394263035797	0.000521398074512001	-0.5006557570042424	2.2003265036231662e-26	0		0.11512556065	1.818921140523208
16	Szz_Q	0.8781657460068367	0.01246924378358868	11.490823382257707	9.962481760232568e-28	0		0.9118832201411449	-2.7040512415584654
16	Sperp_Q	1.8005382206056504	0.04855305983490213	-12.432840715949327	1.6068476803415627e-29	0		1.8237664402822897	-0.47840897681059963
16	S_Q	2.678703966612488	0.05964916333190448	-0.9420173336917987	2.1411870521257393e-28	0		2.7356496604234346	-0.9546771594110229
16	SU2_Q	0.044206728591976836	0.02981686986941639	-35.41448748046484	1.0050195181427015e-31	0		0.0	1.482607959372702
16	Szz_0	0.010178274923072357	0.0015220149646747875	-0.8217031249024322	8.385155211728527e-31	0		0.0	6.687368494597669
