beta	observable	mean	se	slope	chi2	dof	p	z
4	E_per_site	-0.01291316853553133	0.0007952070142611693	-0.2514916416191417	0.21498077934552803	1	0.642891217675216	-16.238750795639067
4	D	-0.011891353762953355	0.00011570365940452876	-0.02043227590708115	1.3368810716097583	1	0.24758474730177732	-102.77422359977592
4	Szz_Q	0.22039004640647855	0.0027459641676712042	-1.0673492324574048	0.3483995180308003	1	0.5550205252803779	80.25962210329453
4	Sperp_Q	0.4277380019006761	0.004407213501068332	1.9706201068750806	0.4717207123308867	1	0.49219662372469564	97.0540686982807
4	S_Q	0.6488994894658651	0.004005946794664037	0.8148461530231854	0.20698771541969188	1	0.6491387167414893	161.98405089408726
4	SU2_Q	-0.013317314754180295	0.008639138321181787	4.132584615553405	0.522751118878218	1	0.4696704865645231	-1.5415096111528122
4	Szz_0	-0.041866324281580033	0.0006226394339054031	0.09483452867448428	0.23047191193931815	1	0.6311741334921226	-67.24007828893912
8	E_per_site	-0.005402425743424236	0.0011776277880246287	0.4690703125314275	0.19031847265420349	1	0.6626516876068456	-4.587549477315196
8	D	-0.0025536166556727165	0.0001569050198504356	0.1998865023728328	0.3740449455234904	1	0.5408076398200533	-16.274920063786773
8	Szz_Q	0.0662479107005049	0.006115068083806634	-2.146637364927695	1.1392672608642513	1	0.285807212225041	10.833552430256104
8	Sperp_Q	0.06291051662718174	0.03435809342246256	1.0747941776206948	0.050354071443777605	1	0.8224483045637867	1.8310246687335754
8	S_Q	0.1384608152791663	0.04041156955131453	-1.7829112937041907	0.1398081300681533	1	0.7084718314888305	3.4262667057103293
8	SU2_Q	-0.09106896207469213	0.03290188868024078	7.138164329431046	0.01918474542660656	1	0.889838150512378	-2.76789466281866
8	Szz_0	-0.026591157495922474	0.0004448334067170192	0.026227936015535996	0.406567900002351	1	0.523716664175597	-59.77778893040387
16	E_per_site	-0.0025864202921694886	0.0012297691834754168	-0.10017580986645912	0.48704483963145906	1	0.4852485035550659	-2.1031753982158485
16	D	-0.0005059060827142879	0.00015085154926282738	0.00340644370353925	0.7789404056813575	1	0.3774653973894051	-3.3536684587365553
16	Szz_Q	0.02510424340395128	0.010005982382848756	-1.2475833400276102	0.9601271018085524	1	0.3271548566602605	2.508923406359623
16	Sperp_Q	0.026533289802389302	0.024696244858439912	5.9836767246204285	0.24529890249638936	1	0.62040489197168	1.074385598072882
16	S_Q	0.046693834314343374	0.022023137811037524	5.365406640284221	0.0028906576371346927	1	0.9571225254369026	2.120217142306644
16	SU2_Q	-0.045578040133459286	0.014309723548638738	10.285577262447347	1.0149452457914343	1	0.31372101905395	-3.185109759705669
16	Szz_0	-0.007813094241204417	0.0006630830059728218	-0.32017147000987406	2.9135559127105957	1	0.08783801052563699	-11.78298066882543
