name	beta	dtau	series	seed	input_sha256	E_per_site	D	Szz_Q	Sperp_Q	S_Q	SU2_Q	Szz_0
b4/dt0.1/r00	4	0.1	0	4000346385732975098	d0f4215ec78261d4fd2a927d37d1549d418e56c5f66f29ea01414133de4c2dc1	-0.8200411458756881	0.12306520942794029	0.6559240419871092	1.2824637939447432	1.9383878359318525	-0.029384290029475124	0.061667945913151584
b4/dt0.1/r01	4	0.1	1	18057010855429504598	e122396f360462853aea6e2bedee39109bfa05af431d4cc07ae6799a646068af	-0.8220229681592052	0.12320816954743272	0.670355790963779	1.2867511078693117	1.9571068988330906	-0.05396047405824626	0.0604688224481911
b4/dt0.1/r02	4	0.1	2	14801403179829933817	94044872acaa961e8e510bcbe55d73d0cb44d36971932b254bac38a12c57d499	-0.8212095142589712	0.12295020324002409	0.6586019125424736	1.3147972412917388	1.9733991538342124	-0.00240658379320855	0.06068544384093891
b4/dt0.1/r03	4	0.1	3	10404129282694287992	9589ee285b646a44e00f1d0b0bdb4df06b2f2ce5f5ea5cbd53b747e8bd2311c8	-0.8193576559180256	0.12262749253343899	0.6694532945325766	1.3108255655684966	1.9802788601010732	-0.028081023496656553	0.06119779651179155
b4/dt0.05/r00	4	0.05	0	10176337054646461920	7fbbf4b2c5378f83c01e59b67c56e861a271a2bc095d1ccd22273cdbe4d1bb59	-0.8062598075392181	0.12529056272907158	0.6424364845746003	1.2870831727501029	1.9295196573247033	0.0022102036009022386	0.06248999106119402
b4/dt0.05/r01	4	0.05	1	16558510989283459241	1276232206cf26c219495e7eadf044d72bca3260658dedd26cb5e3f9eb61ddc7	-0.8074725740645885	0.12527977724290568	0.6524366745417692	1.2779709191774404	1.9304075937192096	-0.02690242990609809	0.0599163087256208
b4/dt0.05/r02	4	0.05	2	2135175930950696589	6318ebf3fd91441920f73a14ce181b4b523457bc45acfba7521a29caf2cad34c	-0.8083532098471286	0.12495309281886328	0.6493905008406471	1.293667348023954	1.943057848864601	-0.005113653657340178	0.061781440270871256
b4/dt0.05/r03	4	0.05	3	7541357446772540881	23b1412720e98d9f67b8f21381279ece05a372c5dbedd1401ca6501c33564374	-0.8064060954555534	0.12535890150676576	0.6424183538153884	1.271519397667405	1.9139377514827933	-0.013317309963371705	0.06219555406704233
b4/dt0.025/r00	4	0.025	0	5780019872462973432	5f834f7d92904d9e2cb90c4faa1d372a1873f0c4c812f5db5b2b8bff953103c7	-0.8055226697574303	0.1258875604970536	0.6411271836076666	1.2817222073503551	1.9228493909580218	-0.0005321598649780324	0.06269469064962534
b4/dt0.025/r01	4	0.025	1	8072976573779384887	168f3d487eaa6847d1d6e978ebbecefbe47a08cfbd437661abdc59e51fe92de1	-0.8017226247708668	0.12553388139274757	0.6396552093561858	1.2749087244268633	1.9145639337830493	-0.004401694285508318	0.06140427221809255
b4/dt0.025/r02	4	0.025	2	14640964742169170494	0628d66c4f309bcd0ee08312bbc2645d78f4fc70ba522dbd2ca526571fe3161e	-0.8036388721940142	0.1260089632687514	0.6390547633792435	1.2678513762581791	1.9069061396374227	-0.010258150500307761	0.062193008303915887
b4/dt0.025/r03	4	0.025	3	15887250648255888354	67512b890a1429a265de9802534ca0dc62b2b4a1c26c46ff83c561996e36f57b	-0.8057217782038733	0.12592563753810626	0.6295281252837404	1.3012475569555895	1.9307756822393298	0.04219130638810893	0.06406888676261062
b8/dt0.1/r00	8	0.1	0	5060231017710924075	8e611fc4983a8d3832dece04d546404a0ede05d989714bb5bed9b0c33dee1a16	-0.8592538855019332	0.11416468760601907	0.8654810550752946	1.6934756818389451	2.5589567369142396	-0.037486428311644074	0.026998442833878696
b8/dt0.1/r01	8	0.1	1	4281580843358485413	ef1867c982bef349d79870b813ea218fbb4f218c1eb3a1dcb19c074fe25018f8	-0.8831472107333146	0.10931612650281616	0.8945224009987376	1.9745561842043842	2.8690785852031215	0.18551138220690916	0.029055829939724446
b8/dt0.1/r02	8	0.1	2	2962508328459779219	ef466163e9a8ac2a17c2d1aaaf4f5c1a838c6f18cd8216664d590d9cb6ab8dc5	-0.8624760676214949	0.11363290676099655	0.8807975842544701	1.7556326923289431	2.6364302765834133	-0.005962476179997023	0.026840482455549024
b8/dt0.1/r03	8	0.1	3	12801187692563073527	280fe44b4eb6d284fc8cbe9fc15044fef5af99443997253f1622469812a219c6	-0.8623929714480634	0.11428788677139523	0.867214964859285	1.663395986808232	2.530610951667517	-0.0710339429103379	0.02967554325658776
b8/dt0.05/r00	8	0.05	0	16340242564217869159	64c360e4d3e3dcea0dd421bf8838251fd9ea7fabfa0834f4286cf03f62d65e86	-0.8526013479044223	0.11597184108289203	0.8553215284674649	1.7318614209019438	2.5871829493694087	0.021218363967014032	0.029567482008106983
b8/dt0.05/r01	8	0.05	1	5669516359073308044	8da9527f3a34d5db5807f79b32e9d37a6055213a2b4529610885b6e6890f06c3	-0.8517251891821114	0.11567908372842972	0.8599612674599444	1.8136557735390717	2.6736170409990163	0.09373323861918308	0.026983683921274346
b8/dt0.05/r02	8	0.05	2	16040929486537789177	03aac11670de78dac8824268d90afe3506fba629434e1fd655373de5b8b4f4be	-0.8487218888204454	0.11624413865397495	0.8444184478215954	1.772918327541452	2.6173367753630474	0.08408143189826135	0.028215557396951113
b8/dt0.05/r03	8	0.05	3	1453800944945509802	41f4a9e75baf4f95faf42b28315929926967a1f6ad973bd86c65b469cde541d7	-0.8487977419655967	0.11619316267199155	0.8091407234582154	1.7398818489504575	2.549022572408673	0.12160040203402656	0.03153309999802051
b8/dt0.025/r00	8	0.025	0	6040465081985720546	8de62fa9af5778ae50eccc794f56025396ea0623048271f6fee329b54c34ecac	-0.8432682585036836	0.11701366819280563	0.843757181411882	1.6891590812296764	2.5329162626415584	0.0016447184059123821	0.02904275144337206
b8/dt0.025/r01	8	0.025	1	15086388192218486182	6eda795328f8f6206ace44a76bc5d150bd6702149fd869461d5d44e8ae152ead	-0.8460282954987062	0.11687317840755344	0.8617241209072124	1.6967674825607828	2.558491603467995	-0.02668075925364196	0.02702103965233797
b8/dt0.025/r02	8	0.025	2	8962212171324766089	9c2febdad7fc69fc75919fee3ab2ebbbfe54554c3dac937c7f7a30490f2e614a	-0.8430171307205943	0.1171142733419057	0.835604805564575	1.7093239350526612	2.544928740617236	0.038114323923511516	0.029425780013512256
b8/dt0.025/r03	8	0.025	3	9462151184122787927	3f7df9f242821b6a0b463054e47eb9d291e443dbb55929d2b8734c6c5705059c	-0.8466731002792642	0.117434398085659	0.8682785030851178	2.0102162491869495	2.878494752272067	0.2736592430167142	0.02806849601076869
b16/dt0.1/r00	16	0.1	0	13367636489413835987	e5d798e8d09aadf2e9cabdd864ecfcd397fd07555a9d44bb6f98bbf037771589	-0.8637867104153722	0.11277183255163022	0.9327717406422675	1.6760847424234928	2.6088564830657606	-0.18945873886104228	0.011654169705780388
b16/dt0.1/r01	16	0.1	1	11758692974626609750	4abff9cb8f3f36c2d2d12070332b1fa49395323a874c83f9e830628f2649e109	-0.865863196615986	0.11320113125772328	0.8696573893513235	1.7423168806775218	2.611974270028845	0.0030021019748748155	0.013252884099401131
b16/dt0.1/r02	16	0.1	2	16245438322630167309	1cf2306639b6d0f4f943c81820a73b708700b778083e6862bb42ba8fcd315591	-0.8730490044540957	0.11146009565413562	0.9406645776249121	1.8564530113686282	2.7971175889935402	-0.024876143881195988	0.01045101939886023
b16/dt0.1/r03	16	0.1	3	419422924609538775	292488da979d8b0355a5067654bb78f6e93ea1db84bcffcb36b24bd0c41f89f1	-0.866866272924036	0.11291818857279112	0.8897131736420466	1.7623374625752022	2.6520506362172487	-0.017088884708891028	0.009848961463122707
b16/dt0.05/r00	16	0.05	0	14120150640275718461	af08099d7234fc1bfde249b176d19c23279d97a97acba8133e22b90c61e97a94	-0.8486942732513113	0.11464532916855528	0.8882380771358267	1.8040168158829364	2.692254893018763	0.02754066161128297	0.009188278761281308
b16/dt0.05/r01	16	0.05	1	1888874076266045188	7db6050633f1e6d4af693fcf8e120efce8f55b8195cdd5d0cd68e185fb96dc4a	-0.8528295614419258	0.1150196493310615	0.8961536698931271	1.799050496920123	2.6952041668132503	0.006743157133869027	0.007923250940488806
b16/dt0.05/r02	16	0.05	2	3983156361833077362	7e26031efe3f5ea48c7f36d8e930729196378ded1827226a6d272f49c98303c9	-0.8553516042906495	0.11495523470902679	0.940126714394476	1.712547240853499	2.652673955247975	-0.16770618793545317	0.006653863919219727
b16/dt0.05/r03	16	0.05	3	13827579510352260762	5ea43ae87fbd44b7f416e9b7706679025a5c7c70c0a6d7ca8c77251635f5e81f	-0.8546100808181082	0.11466899974274586	0.9030527564264952	1.7622099216065503	2.6652626780330455	-0.04389559124643995	0.008730674822275268
b16/dt0.025/r00	16	0.025	0	13365266839724982825	89b39a64f70e411f8ea23d5b674c5fbfa4add6fe4f20e369cb0d61ef73ea5ebe	-0.854789374724901	0.1146252060742763	0.9090120295163548	1.8760295709818324	2.7850416004981873	0.05800551194912283	0.008474177010041044
b16/dt0.025/r01	16	0.025	1	17900417765664474405	a3166aed5e605e5d534f30cc947d4e044405ad6e46ef686c1a028a72f9a5db49	-0.8471562490800176	0.11628300713709991	0.8658133774380447	1.7045120457855514	2.570325423223596	-0.02711470909053797	0.012233520188496324
b16/dt0.025/r02	16	0.025	2	15628009234340624715	6caaf764a82271602638d23a4c83c374ea2a8dd5b1ceb7f5f3a6c9897abfd542	-0.851104059666528	0.1158716226326489	0.8837678608640497	1.815798598026362	2.699566458890412	0.04826287629826272	0.010769897001357661
b16/dt0.025/r03	16	0.025	3	3487238369802422096	2b3f4276d3b5f36e5f9fae5a601eff31c02d0c57831b2c795d5820ae5074ab93	-0.84904888180501	0.11626429528489612	0.8827967746645428	1.7747305658389831	2.657527340503526	0.009137016509897632	0.007181247680138324
