beta	dtau	observable	mean	se	ed	z_ed	bin_1000_se	bin_2000_se	bin_4000_se	bin_5000_se
4	0.1	E_per_site	-0.896702993634053	0.000613400587933937	-0.9120936825597628	25.090763244210137	0.0006857445593998218	0.0007460568124290136	0.0006434390266314738	0.0006810279208578075
4	0.1	D	0.13967103040988385	7.230618275154433e-05	0.1438872044875	-58.310007763839565	0.00011792754395723198	0.00011723908605798484	0.00013170897301007526	0.00011924357254142299
4	0.1	Szz_Q	0.5970440252350402	0.0017316303076426493	0.6351713762239583	-22.018181837451575	0.002636474061037962	0.002824382386007156	0.0026172500976343895	0.0024303056446977026
4	0.1	Sperp_Q	1.1914790599761567	0.004832443894358963	1.2703427524479165	-16.319629197106554	0.007987242414601605	0.008118755211941985	0.007678740316619338	0.006536979933453574
4	0.1	S_Q	1.7885230852111969	0.004072413504152364	1.9055141286718746	-28.72769264255458	0.007647491078468798	0.007970846183495063	0.007621334510705272	0.006508825915236287
4	0.1	SU2_Q	-0.0026089904939238877	0.007408083396726565	0.0	-0.3521815770968144	0.01077617081460149	0.010887451308123247	0.010090573201929366	0.008882848840395651
4	0.1	Szz_0	0.020083954498019814	0.000159616624406988	0.0	125.82620746827759	0.0001541281469164565	0.00016129780867539067	0.00015347853216058716	0.00011263558591041058
4	0.05	E_per_site	-0.8816516382578112	0.0006407289718830689	-0.9120936825597628	47.511577652691344	0.0007233209814832324	0.0007231597165496069	0.000718924686806224	0.0006792477719740143
4	0.05	D	0.14194895545151062	0.00014489450620881026	0.1438872044875	-13.376967054887045	0.00011227218265588696	0.00011428765679321961	9.974916565163165e-05	9.594101274630674e-05
4	0.05	Szz_Q	0.5861859934584673	0.002466233294097356	0.6351713762239583	-19.86242862049254	0.002526302914802202	0.0024416108478044827	0.002379147611045006	0.002430346418351251
4	0.05	Sperp_Q	1.1659733162842048	0.0036988160512162332	1.2703427524479165	-28.216984764460864	0.005861984453032808	0.006092327587530569	0.005827886722016006	0.005746928733871926
4	0.05	S_Q	1.7521593097426722	0.0020192647050638712	1.9055141286718746	-75.9458720516544	0.005503956595998245	0.005685311103533399	0.004969207120451177	0.005061093344605164
4	0.05	SU2_Q	-0.00639867063272998	0.008329627879410773	0.0	-0.7681820515111191	0.008988589837430479	0.009081443872322117	0.00929886080404008	0.009126430858235392
4	0.05	Szz_0	0.020220114495488103	0.0001692020614820321	0.0	119.50276680071842	0.0001603573177229646	0.00015432047097834	0.00016298501485340855	0.0001845586724739375
4	0.025	E_per_site	-0.8776256063691301	0.0004109550969664117	-0.9120936825597628	83.8730957349576	0.0006353872792474761	0.0005599187181776753	0.0005388834037162993	0.0006763356209567614
4	0.025	D	0.1428168905014694	7.747432729119188e-05	0.1438872044875	-13.815079439254358	9.791501982186247e-05	0.00011093370785597366	9.556586068976544e-05	0.00010539469943599152
4	0.025	Szz_Q	0.5814745062701138	0.0028119121563628916	0.6351713762239583	-19.096211747702487	0.0024850314314502214	0.0021136055323047027	0.001962685535015626	0.001897560927125495
4	0.025	Sperp_Q	1.1555844613455486	0.004646636663822602	1.2703427524479165	-24.69706572838877	0.0045529009207211455	0.004048184113169992	0.004272017256048157	0.0041850889799329195
4	0.025	S_Q	1.7370589676156623	0.005822098538564827	1.9055141286718746	-28.93375299995134	0.004474167369751489	0.003879631058549189	0.004415716916522118	0.004292413173814947
4	0.025	SU2_Q	-0.007364551194678978	0.006664918148171993	0.0	-1.104972488926796	0.007694326505184561	0.00677231715283485	0.006234267365966751	0.00610734905120936
4	0.025	Szz_0	0.020536346169755533	0.0002266424182577893	0.0	90.61122065154163	0.0001742630901279009	0.00017186690630487418	0.00020897154325663308	0.00021872684032900653
8	0.1	E_per_site	-0.9298500306438983	0.0007256306231959044	-0.9120936825597628	-24.47022977879709	0.0006862882175392171	0.0007023463039957621	0.00064283776767486	0.0008632346623416784
8	0.1	D	0.14047657252077791	6.0668269448534396e-05	0.1438872044875	-56.21772299958824	0.00012131218624606266	0.00011062075514628587	9.57116369923865e-05	0.00010292413965015036
8	0.1	Szz_Q	0.6443816298578247	0.0018280677528421758	0.6351713762239583	5.038245228901843	0.003122104549796082	0.0027592932603589726	0.0018935290970497588	0.002843101022052919
8	0.1	Sperp_Q	1.2884741633162298	0.008005638036366046	1.2703427524479165	2.2648302091538923	0.006538631913228397	0.006740393532303008	0.007027053722076224	0.008556892086987709
8	0.1	S_Q	1.9328557931740544	0.008684453503410672	1.9055141286718746	3.148346006048833	0.006913651085598125	0.006569248541558855	0.007229605704630694	0.008622463149702036
8	0.1	SU2_Q	-0.00028909639941967786	0.007841061538849114	0.0	-0.03686954859202782	0.009547209023710892	0.009781148086465349	0.008069496229519113	0.01093008717068211
8	0.1	Szz_0	0.0018666281171204411	4.685744787092052e-05	0.0	39.83631635812714	8.11315229296886e-05	7.206174984277679e-05	6.716520673353329e-05	5.938952421410231e-05
8	0.05	E_per_site	-0.9153313327651154	0.0005519102065968237	-0.9120936825597628	-5.866262603325513	0.0006871899629651583	0.0006283529524884169	0.0005408286205886413	0.0005653698151535487
8	0.05	D	0.1427784425452523	6.429666484297745e-05	0.1438872044875	-17.24447053288815	0.00011679115339112047	0.00013241955882322418	0.00014296625801520066	0.00011593074892844271
8	0.05	Szz_Q	0.6361046876693276	0.003130727727997998	0.6351713762239583	0.2981132587873325	0.0029415489295732344	0.003019018259287578	0.0033663778710362182	0.002850869246077171
8	0.05	Sperp_Q	1.2781211501481824	0.00536467261235963	1.2703427524479165	1.4499296158996355	0.0060116843019438265	0.006376159766830463	0.005907324680489883	0.006037818605917672
8	0.05	S_Q	1.91422583781751	0.005257058107836143	1.9055141286718746	1.657145301979796	0.00642126966909067	0.007095632370005326	0.006710192923989106	0.007157753475032126
8	0.05	SU2_Q	0.0059117748095271865	0.009480219061614852	0.0	0.6235905279302881	0.008824505467321471	0.008715335343828049	0.009090163712028615	0.007460805833460588
8	0.05	Szz_0	0.0018939331527706924	0.00012403028186851075	0.0	15.269925410461642	9.095851051312138e-05	9.306842811867212e-05	0.0001144144626389548	0.00012319305248815587
8	0.025	E_per_site	-0.9108969210780491	0.0005563146522003346	-0.9120936825597628	2.151231280679434	0.0007642055443689455	0.0008518596584917693	0.000804554065198946	0.0006723099806856015
8	0.025	D	0.14341561667928593	0.00011785539923632294	0.1438872044875	-4.0014102982965545	0.00010462673844055	0.00010541059302770058	9.573627835896818e-05	0.00011017017955862747
8	0.025	Szz_Q	0.6375329283516435	0.002561616294246367	0.6351713762239583	0.9218992450155653	0.0027327054387427064	0.0030524441498966724	0.0030465890093580284	0.0034382165202957783
8	0.025	Sperp_Q	1.26963323540084	0.00770286284907481	1.2703427524479165	-0.09211082437509292	0.01219711802182522	0.0114855710178731	0.012814383860490308	0.01107350275260607
8	0.025	S_Q	1.9071661637524835	0.008863274480789426	1.9055141286718746	0.1863910549300406	0.012044173183374031	0.011295385567178098	0.012486685915574162	0.011537665635229372
8	0.025	SU2_Q	-0.005432621302447266	0.0077626211684608095	0.0	-0.6998436719441842	0.014177126749182721	0.014017419388989524	0.015377934790316738	0.013136206836748007
8	0.025	Szz_0	0.001898124586727116	0.00015053959505825337	0.0	12.608806247901827	0.00010531919988806248	0.00010811692273439283	0.00011659225984666404	0.0001301309637293864
16	0.1	E_per_site	-0.9313279910345054	0.0002837552910779129	-0.9120936825597628	-67.78484518007207	0.000667611021664845	0.0006833951303947614	0.0006211119379807348	0.00047773315388150296
16	0.1	D	0.14078563073937822	8.128272729601733e-05	0.1438872044875	-38.15784547713808	0.00010929996233338763	0.00010665735671085979	7.991042920482329e-05	7.923245700046669e-05
16	0.1	Szz_Q	0.648175563216991	0.0016728985750361618	0.6351713762239583	7.773446153333975	0.0031049142337851968	0.0030857208758212394	0.0027520731367493586	0.003288094350210556
16	0.1	Sperp_Q	1.2890290807628801	0.003996810577074787	1.2703427524479165	4.675309963936273	0.0059461259953233975	0.005949612773874245	0.004848168752785634	0.005787040376578648
16	0.1	S_Q	1.9372046439798711	0.004548334936295056	1.9055141286718746	6.967498161824179	0.006593213810922172	0.006992743745032826	0.00562307498984033	0.006924618417422022
16	0.1	SU2_Q	-0.007322045671101771	0.004831182136470845	0.0	-1.515580548252832	0.008773326663169663	0.008094861719055196	0.00726083434488283	0.008332959572803252
16	0.1	Szz_0	9.197327148684843e-05	4.649701428324449e-05	0.0	1.9780468252558663	5.074337153823242e-05	4.999972745320931e-05	4.843396662966925e-05	4.783815796205753e-05
16	0.05	E_per_site	-0.9169148117033585	0.0007409462503249504	-0.9120936825597628	-6.506719133110425	0.000594237753276743	0.0006247583898224086	0.0005922932107851467	0.0006050552979318584
16	0.05	D	0.14309000517565512	0.00011892822192333854	0.1438872044875	-6.703197096133823	0.00010541685918604117	0.00010998121898900426	9.976467472800973e-05	0.00010307500011664743
16	0.05	Szz_Q	0.6416196244427719	0.004463047678061989	0.6351713762239583	1.444808275410062	0.003254336459590765	0.0030045896765750145	0.0028372704876868204	0.0028867538810442538
16	0.05	Sperp_Q	1.2650011080863952	0.003448540756915807	1.2703427524479165	-1.5489578746630726	0.006770295867984647	0.006545724922046931	0.00670992126954327	0.00502401346339237
16	0.05	S_Q	1.906620732529167	0.00687262188893382	1.9055141286718746	0.1610162577217114	0.0071005210178043026	0.006856173941178496	0.0068816773473596455	0.005646607205918107
16	0.05	SU2_Q	-0.018238140799148688	0.00779257366084863	0.0	-2.340451511004711	0.010011001734338035	0.00941757170343903	0.009415667104665152	0.007871078438405704
16	0.05	Szz_0	6.869750312291698e-07	2.489582419716642e-07	0.0	2.7593986276114513	3.026088386550716e-07	2.951482106506735e-07	3.276942338398947e-07	2.7160855768047386e-07
16	0.025	E_per_site	-0.9130391444381638	0.0006886757737092649	-0.9120936825597628	-1.3728693740869071	0.000890593204650554	0.0008752156059886776	0.0007527968158182666	0.0009757911396151533
16	0.025	D	0.143631906280509	0.00011881343030663459	0.1438872044875	-2.148731892784505	0.00011740582093079987	0.00012351511164325	0.00012737898895069067	0.0001437005118353731
16	0.025	Szz_Q	0.6386244827757004	0.0021395981643657436	0.6351713762239583	1.61390424111051	0.0026322297729592073	0.002598883726216276	0.0021194536841075318	0.002264655296315223
16	0.025	Sperp_Q	1.2572578918566286	0.004434299900348139	1.2703427524479165	-2.950828966317904	0.006515391396052529	0.006607525149919419	0.006287582393592285	0.00402216646421601
16	0.025	S_Q	1.895882374632329	0.003192863901057662	1.9055141286718746	-3.0166503609361617	0.006425526555865757	0.006151252495264384	0.006135602989367833	0.003606573136809017
16	0.025	SU2_Q	-0.019991073694772276	0.008128195917119082	0.0	-2.4594724215084884	0.009292362108576655	0.009789153744518025	0.00838226296991559	0.007300048717786644
16	0.025	Szz_0	1.9875718775775985e-05	1.0529084297102048e-05	0.0	1.8876968039135598	1.3367867559867854e-05	1.3271279434288599e-05	1.3051044505169934e-05	1.2922962277847822e-05
