beta	dtau	observable	second_minus_first	se	z
4	0.1	E_per_site	-0.0002696102542191492	0.001068852999647605	-0.2522425949200107
4	0.1	D	-0.0002791538521111567	0.000137728093503126	-2.0268475734387534
4	0.1	Szz_Q	0.003226600277349584	0.004815125615021928	0.6700968023105021
4	0.1	Sperp_Q	0.01530190256780245	0.017747049473905246	0.862222342384402
4	0.1	S_Q	0.01852850284515206	0.015425802847703509	1.2011370188042085
4	0.1	SU2_Q	0.008848702013103425	0.024659179147447904	0.35884008791181593
4	0.1	Szz_0	0.00016151340083242656	0.00029162656469931857	0.5538363797514636
4	0.05	E_per_site	0.0025011553500250694	0.001539045846824314	1.6251337510094217
4	0.05	D	-8.563473686740153e-05	0.00023372166338660628	-0.3663962322814315
4	0.05	Szz_Q	0.0060374172720224495	0.00472447958350608	1.2779010185799187
4	0.05	Sperp_Q	-0.02528910339125101	0.00523597652867628	-4.829873329788286
4	0.05	S_Q	-0.01925168611922845	0.006065177955184864	-3.1741337618578855
4	0.05	SU2_Q	-0.03736393793529589	0.011941433221360863	-3.128932452468033
4	0.05	Szz_0	-0.00038277422056019403	0.0004651349542591423	-0.8229315321396758
4	0.025	E_per_site	-0.001060499552388794	0.0012669588390501463	-0.8370434142784486
4	0.025	D	0.00020130531736788776	0.00012768471944570904	1.5765811151230344
4	0.025	Szz_Q	-0.004636075635885528	0.0032073922447213125	-1.4454345718131374
4	0.025	Sperp_Q	0.0053741006096577615	0.007798020796371259	0.6891621284414312
4	0.025	S_Q	0.0007380249737722333	0.008529566448884952	0.08652549671721162
4	0.025	SU2_Q	0.01464625188142879	0.0099319971546018	1.474653249839357
4	0.025	Szz_0	-0.00033278623412138445	7.672221398141363e-05	-4.3375473262802835
8	0.1	E_per_site	0.0005898850879834938	0.00220877936890514	0.26706383457207467
8	0.1	D	0.00015741253195922233	0.00013219612544696996	1.1907499665893602
8	0.1	Szz_Q	-0.002349696656832101	0.008516164153839623	-0.27591021196705207
8	0.1	Sperp_Q	0.0015333055056560019	0.024348646342628278	0.0629729260542741
8	0.1	S_Q	-0.0008163911511761546	0.023303013258289592	-0.035033716117624375
8	0.1	SU2_Q	0.006232698819320111	0.03358063718415671	0.18560394745161918
8	0.1	Szz_0	0.00022094747253618936	2.8109690605245325e-05	7.860188702858228
8	0.05	E_per_site	0.0004110114306200008	0.0010256206338287708	0.4007441124557366
8	0.05	D	0.00011522074640168273	0.00030215694850190753	0.38132747558163577
8	0.05	Szz_Q	-0.008269728082583971	0.0067492650341691475	-1.2252783141152785
8	0.05	Sperp_Q	0.0020267811333416486	0.00899872848034577	0.22522972415140266
8	0.05	S_Q	-0.006242946949242323	0.013199330608614706	-0.4729745116898418
8	0.05	SU2_Q	0.018566237298509668	0.012953847180150028	1.4332604854996165
8	0.05	Szz_0	0.0003033977359282076	0.0004040005488901376	0.7509834745563982
8	0.025	E_per_site	-0.0004061988252559434	0.0017794763939442688	-0.22826873491453864
8	0.025	D	-0.00013542553041608063	0.00020503547636643906	-0.6604980407100298
8	0.025	Szz_Q	-0.0034958522901437084	0.00760628368408962	-0.45960056649689884
8	0.025	Sperp_Q	0.015170205441086715	0.03119029237497363	0.4863758652438583
8	0.025	S_Q	0.011674353150943007	0.03130633654829477	0.3729070353835093
8	0.025	SU2_Q	0.022161910021374142	0.03613119023857249	0.6133733728404774
8	0.025	Szz_0	0.00038087228371441186	0.00017909535364315934	2.126645253306154
16	0.1	E_per_site	-0.0006484877872318107	0.0004948534621641432	-1.310464282488352
16	0.1	D	-0.00012125830438081825	0.00012916440720941733	-0.9387903912586326
16	0.1	Szz_Q	-0.005875127346996634	0.0021383839962807447	-2.747461333986386
16	0.1	Sperp_Q	0.005003057972389757	0.01652804846515803	0.3027010710270156
16	0.1	S_Q	-0.0008720693746067654	0.014701049066327269	-0.05932021386176031
16	0.1	SU2_Q	0.016753312666383007	0.02036476338168486	0.8226617885209594
16	0.1	Szz_0	-1.4140464797082787e-05	9.259504334789036e-05	-0.15271297777738937
16	0.05	E_per_site	0.0004580566531334207	0.001556321479526245	0.294320074071622
16	0.05	D	-0.00017116368300846424	0.0002669059221006647	-0.6412884422396186
16	0.05	Szz_Q	0.006564217291785468	0.0030158737286178697	2.1765557455198072
16	0.05	Sperp_Q	-0.01662442722213414	0.013337281849725923	-1.2464629157159013
16	0.05	S_Q	-0.010060209930348729	0.016323118139437105	-0.6163166770228161
16	0.05	SU2_Q	-0.029752861805705168	0.007438672993945474	-3.9997539655153256
16	0.05	Szz_0	-1.9924370291209885e-07	4.0647907224006983e-07	-0.4901696459158023
16	0.025	E_per_site	0.0006695227530544301	0.0007918435149995403	0.8455240718297968
16	0.025	D	-0.00022600393362736532	0.00012713305269847075	-1.777696113090218
16	0.025	Szz_Q	0.003443322028602147	0.007075941493490708	0.48662386931403034
16	0.025	Sperp_Q	0.004944505831412316	0.00708699845019704	0.6976868791716532
16	0.025	S_Q	0.008387827860014407	0.002552295464858702	3.2863859124079773
16	0.025	SU2_Q	-0.0019421382257920673	0.020929928450313218	-0.09279239680167196
16	0.025	Szz_0	-3.931706699905427e-05	2.113613553684744e-05	-1.860182384358357
