beta	dtau	mx	my	delta	se	z
4	0.1	0	0	-0.0036860059166265984	0.0021409341751809454	-1.7216811050788463
4	0.1	1	0	-0.0023418776922128626	0.0009645448978391011	-2.4279613084465446
4	0.1	2	0	0.0046677847886952145	0.0009204014955144748	5.071465889009745
4	0.1	3	0	-0.0023418776922128626	0.0009645448978391193	-2.427961308446499
4	0.1	0	1	-0.0002389142950143669	0.0007613383969950379	-0.3138082828310629
4	0.1	1	1	1.5156271279501143e-05	0.0014132460315859718	0.01072443929843729
4	0.1	2	1	-0.001642176938110959	0.0028978776722193744	-0.5666826291025867
4	0.1	3	1	0.0019336012211247783	0.0021000960606591883	0.9207203695805468
4	0.1	0	2	0.0019201371698786135	0.001442051163821387	1.3315319303861
4	0.1	1	2	0.0021277486589220823	0.003425454454935223	0.6211580644012151
4	0.1	2	2	-0.002608990493923824	0.007408083396726545	-0.3521815770968068
4	0.1	3	2	0.0021277486589221517	0.003425454454935249	0.6211580644012307
4	0.1	0	3	-0.0002389142950143669	0.000761338396995021	-0.3138082828310699
4	0.1	1	3	0.0019336012211248477	0.0021000960606591566	0.9207203695805938
4	0.1	2	3	-0.0016421769381109452	0.002897877672219321	-0.5666826291025924
4	0.1	3	3	1.5156271279501143e-05	0.0014132460315859502	0.010724439298437454
4	0.05	0	0	0.000305610207368549	0.0012515609285109856	0.24418324382508597
4	0.05	1	0	0.000463496936144496	0.0007073160256363252	0.655289742272584
4	0.05	2	0	0.0015512941128968116	0.002652415895919699	0.5848608113392849
4	0.05	3	0	0.0004634969361445168	0.0007073160256363188	0.6552897422726194
4	0.05	0	1	-0.0009401525502761715	0.001208294795655573	-0.778082098554502
4	0.05	1	1	0.0009184432659629926	0.0009738310225421568	0.9431238528070547
4	0.05	2	1	0.002576414113843517	0.0015416804670767919	1.6711725736064507
4	0.05	3	1	0.0015079665429559436	0.0004737341155383617	3.183149563214922
4	0.05	0	2	-0.0019980553571500304	0.00410199430470987	-0.48709364487802503
4	0.05	1	2	-0.001256257473823394	0.001924280814536643	-0.6528451899188603
4	0.05	2	2	-0.006398670632729864	0.008329627879410786	-0.7681820515111039
4	0.05	3	2	-0.0012562574738234772	0.0019242808145366502	-0.6528451899189012
4	0.05	0	3	-0.0009401525502761854	0.0012082947956556025	-0.7780820985544945
4	0.05	1	3	0.0015079665429559713	0.0004737341155383577	3.1831495632150077
4	0.05	2	3	0.0025764141138434754	0.0015416804670767893	1.6711725736064265
4	0.05	3	3	0.0009184432659629649	0.000973831022542164	0.9431238528070193
4	0.025	0	0	-0.0037634318740863114	0.0013015292127926406	-2.891546218936771
4	0.025	1	0	0.0019035476923941405	0.00017800708873541956	10.693662291300514
4	0.025	2	0	0.00034806475313320373	0.0013627725964130964	0.25540926934496055
4	0.025	3	0	0.0019035476923941405	0.00017800708873542796	10.693662291300008
4	0.025	0	1	0.002336939816217881	0.0017897227019665286	1.3057552511626946
4	0.025	1	1	-0.00040336075161169493	0.0003921958535001964	-1.0284676597466704
4	0.025	2	1	-0.0008627660081370475	0.0002766933435781505	-3.1181306965317868
4	0.025	3	1	0.00032814785317379636	0.0010312022628897683	0.3182187093482689
4	0.025	0	2	-0.0016432719367401455	0.0011908920352903998	-1.3798664262117033
4	0.025	1	2	0.0029090865241488545	0.001432694052885481	2.030500872318052
4	0.025	2	2	-0.007364551194678992	0.006664918148172067	-1.1049724889267856
4	0.025	3	2	0.0029090865241488406	0.0014326940528854805	2.030500872318043
4	0.025	0	3	0.002336939816217895	0.0017897227019665486	1.305755251162688
4	0.025	1	3	0.00032814785317381023	0.0010312022628897648	0.31821870934828345
4	0.025	2	3	-0.0008627660081370198	0.00027669334357815096	-3.1181306965316815
4	0.025	3	3	-0.0004033607516117088	0.0003921958535002069	-1.0284676597466782
8	0.1	0	0	0.0010706875413893304	0.0015677307753366148	0.6829537049557747
8	0.1	1	0	-0.003773075150764249	0.0025470290225888294	-1.4813632343023921
8	0.1	2	0	-0.004160444326982746	0.003883861199195456	-1.071213442912065
8	0.1	3	0	-0.003773075150764256	0.0025470290225888034	-1.4813632343024101
8	0.1	0	1	0.0020334562015917046	0.0020624893011916435	0.9859232726282922
8	0.1	1	1	-0.0016543320550078539	0.0008557273187708789	-1.9332467466202299
8	0.1	2	1	0.0016499041141876114	0.0017652385470696991	0.9346635427412667
8	0.1	3	1	0.0017353753552653423	0.0015623947180609043	1.1107150678409392
8	0.1	0	2	0.00011213099289585082	0.0023333735521166984	0.04805531150129486
8	0.1	1	2	0.0016420326307863553	0.001817087190905885	0.9036619921181336
8	0.1	2	2	-0.0002890963994196527	0.007841061538849024	-0.036869548592025035
8	0.1	3	2	0.0016420326307863276	0.0018170871909058554	0.903661992118133
8	0.1	0	3	0.002033456201591677	0.0020624893011916656	0.9859232726282682
8	0.1	1	3	0.0017353753552653423	0.0015623947180609082	1.1107150678409363
8	0.1	2	3	0.001649904114187653	0.0017652385470697067	0.9346635427412864
8	0.1	3	3	-0.00165433205500784	0.0008557273187708871	-1.933246746620195
8	0.05	0	0	-0.0011997223473220763	0.0015753670207293631	-0.7615510109933805
8	0.05	1	0	-1.9350120677052995e-05	0.0009742132798914248	-0.019862304360303472
8	0.05	2	0	-0.00017611315577857611	0.0028144846857575557	-0.06257385469879469
8	0.05	3	0	-1.9350120677046057e-05	0.000974213279891424	-0.019862304360296366
8	0.05	0	1	0.002726635260823243	0.00158202724905451	1.7235071408869864
8	0.05	1	1	-0.001503603729833089	0.0022825336388661893	-0.6587432948326576
8	0.05	2	1	-0.0002878368925378627	0.0023553469030543834	-0.12220573205781261
8	0.05	3	1	-0.0004275563429048529	0.0053001848923115435	-0.08066819395773661
8	0.05	0	2	-0.003028635573875227	0.004722985963240229	-0.6412544092757404
8	0.05	1	2	-0.0012419400411459447	0.001223473466383207	-1.0150935637511844
8	0.05	2	2	0.005911774809527037	0.009480219061614921	0.6235905279302678
8	0.05	3	2	-0.0012419400411459725	0.0012234734663832214	-1.0150935637511953
8	0.05	0	3	0.002726635260823243	0.00158202724905451	1.7235071408869864
8	0.05	1	3	-0.0004275563429048529	0.005300184892311563	-0.08066819395773632
8	0.05	2	3	-0.0002878368925378211	0.0023553469030544185	-0.12220573205779311
8	0.05	3	3	-0.0015036037298330474	0.002282533638866206	-0.6587432948326346
8	0.025	0	0	-0.0009165829357221752	0.0016510822706104712	-0.5551406807749669
8	0.025	1	0	-0.0020951469191303196	0.0018723879782100187	-1.1189705037164657
8	0.025	2	0	0.002372807100848015	0.004216223195098278	0.5627802398142981
8	0.025	3	0	-0.0020951469191303196	0.0018723879782100114	-1.11897050371647
8	0.025	0	1	0.0006592400472295173	0.001444841646706113	0.45627148742038554
8	0.025	1	1	-0.0002696542159982135	0.001349552393241725	-0.19981011285562916
8	0.025	2	1	0.005247566276544449	0.0014432223930653085	3.636006690139395
8	0.025	3	1	-0.0027607672235451935	0.0010116152672094655	-2.729068365249917
8	0.025	0	2	0.0022916369345832854	0.0009078307050102756	2.524299874344244
8	0.025	1	2	6.11421362689546e-05	0.002033977639242825	0.03006037779831029
8	0.025	2	2	-0.005432621302447205	0.007762621168460888	-0.6998436719441691
8	0.025	3	2	6.11421362689546e-05	0.0020339776392428177	0.0300603777983104
8	0.025	0	3	0.0006592400472294618	0.001444841646706102	0.4562714874203506
8	0.025	1	3	-0.002760767223545235	0.0010116152672094648	-2.7290683652499594
8	0.025	2	3	0.005247566276544435	0.0014432223930653369	3.6360066901393138
8	0.025	3	3	-0.00026965421599822736	0.0013495523932417308	-0.19981011285563857
16	0.1	0	0	0.0037791299707977113	0.00215401466025543	1.754458797578272
16	0.1	1	0	0.001392065694631149	0.0010609968570211802	1.3120356440446646
16	0.1	2	0	-0.0014356909801400974	0.002841279940004191	-0.5052972640696501
16	0.1	3	0	0.00139206569463117	0.0010609968570211797	1.3120356440446848
16	0.1	0	1	0.002077127506558085	0.0020481513080827566	1.014147489182551
16	0.1	1	1	0.0030178182112857582	0.0023213945055200287	1.3000023064195716
16	0.1	2	1	-0.0037965057436431804	0.0028584093404754158	-1.3281882653699062
16	0.1	3	1	-0.004351229382849431	0.00128801200845649	-3.3782521857570234
16	0.1	0	2	-0.001597277392156593	0.0021827526502602307	-0.7317720548712487
16	0.1	1	2	0.004948665750318076	0.00022739817828225375	21.762116951419184
16	0.1	2	2	-0.00732204567110184	0.00483118213647092	-1.5155805482528226
16	0.1	3	2	0.004948665750318076	0.00022739817828219586	21.762116951424726
16	0.1	0	3	0.002077127506558085	0.0020481513080827327	1.0141474891825628
16	0.1	1	3	-0.004351229382849486	0.0012880120084565237	-3.378252185756978
16	0.1	2	3	-0.003796505743643097	0.002858409340475422	-1.3281882653698744
16	0.1	3	3	0.0030178182112857582	0.0023213945055200096	1.3000023064195823
16	0.05	0	0	-0.0030696024111514647	0.005009663907409013	-0.6127361970553942
16	0.05	1	0	-0.0004936207887896518	0.0018687050725885383	-0.26415125427250336
16	0.05	2	0	0.0021920290554728328	0.0037465046521849552	0.5850864362852038
16	0.05	3	0	-0.0004936207887896518	0.0018687050725885673	-0.26415125427249925
16	0.05	0	1	0.002341163241294242	0.0007875053759723053	2.9728854084376115
16	0.05	1	1	0.0026632871534895824	0.0028193567915051447	0.9446435305790997
16	0.05	2	1	0.000886538546475843	0.0025436615291093627	0.34852850362770377
16	0.05	3	1	0.0013633687849312487	0.0013894114754738035	0.9812563153520277
16	0.05	0	2	-0.0014451182702536064	0.0034939363760962032	-0.4136074944410539
16	0.05	1	2	0.0035196792751391037	0.0010619043407978576	3.3144974927728486
16	0.05	2	2	-0.01823814079914876	0.007792573660848496	-2.3404515110047606
16	0.05	3	2	0.003519679275139187	0.0010619043407978828	3.3144974927728486
16	0.05	0	3	0.0023411632412942557	0.0007875053759723188	2.972885408437578
16	0.05	1	3	0.0013633687849312903	0.001389411475473782	0.9812563153520729
16	0.05	2	3	0.0008865385464758846	0.0025436615291094056	0.3485285036277142
16	0.05	3	3	0.0026632871534895824	0.002819356791505186	0.9446435305790859
16	0.025	0	0	0.004133761057229626	0.0024242112516855117	1.7051983627068368
16	0.025	1	0	0.0003388980074124845	0.0014861133702086667	0.22804317234888982
16	0.025	2	0	0.003628626573742605	0.002320045617642281	1.564032425116776
16	0.025	3	0	0.00033889800741247755	0.0014861133702086789	0.2280431723488833
16	0.025	0	1	-0.00015886496904589376	0.001376121747778343	-0.1154439781962393
16	0.025	1	1	9.769832658323985e-05	0.0015830009912128852	0.06171716071282054
16	0.025	2	1	0.001836825030749542	0.0017485696691671446	1.0504728882918541
16	0.025	3	1	0.0014297671354143726	0.0009869186481553922	1.4487183296077033
16	0.025	0	2	0.0018853872169338204	0.0015026003117361237	1.2547496511267324
16	0.025	1	2	0.001627325892319481	0.0027239666504424802	0.5974103581830339
16	0.025	2	2	-0.019991073694772266	0.008128195917119121	-2.459472421508475
16	0.025	3	2	0.0016273258923194533	0.0027239666504424997	0.5974103581830194
16	0.025	0	3	-0.00015886496904590763	0.0013761217477783363	-0.11544397819624995
16	0.025	1	3	0.0014297671354143449	0.0009869186481554037	1.4487183296076585
16	0.025	2	3	0.0018368250307495837	0.0017485696691671353	1.0504728882918835
16	0.025	3	3	9.76983265832676e-05	0.0015830009912128871	0.061717160712838
